type	subject	severity	instantiates	predicate	object	object_str	source	info
http://www.w3.org/ns/shacl#DatatypeConstraintComponent	MONDO:0000218	ERROR		IAO:0000231				Incorrect object type for has_obsolescence_reason range = string should_be_iri = False
http://www.w3.org/ns/shacl#DatatypeConstraintComponent	MONDO:0000237	ERROR		IAO:0000231				Incorrect object type for has_obsolescence_reason range = string should_be_iri = False
http://www.w3.org/ns/shacl#DatatypeConstraintComponent	MONDO:0000238	ERROR		IAO:0000231				Incorrect object type for has_obsolescence_reason range = string should_be_iri = False
http://www.w3.org/ns/shacl#DatatypeConstraintComponent	MONDO:0000557	ERROR		IAO:0000231				Incorrect object type for has_obsolescence_reason range = string should_be_iri = False
http://www.w3.org/ns/shacl#DatatypeConstraintComponent	MONDO:0000561	ERROR		IAO:0000231				Incorrect object type for has_obsolescence_reason range = string should_be_iri = False
http://www.w3.org/ns/shacl#DatatypeConstraintComponent	MONDO:0000601	ERROR		IAO:0000231				Incorrect object type for has_obsolescence_reason range = string should_be_iri = False
http://www.w3.org/ns/shacl#DatatypeConstraintComponent	MONDO:0000606	ERROR		IAO:0000231				Incorrect object type for has_obsolescence_reason range = string should_be_iri = False
http://www.w3.org/ns/shacl#DatatypeConstraintComponent	MONDO:0000651	ERROR		IAO:0000231				Incorrect object type for has_obsolescence_reason range = string should_be_iri = False
http://www.w3.org/ns/shacl#DatatypeConstraintComponent	MONDO:0000769	ERROR		IAO:0000231				Incorrect object type for has_obsolescence_reason range = string should_be_iri = False
http://www.w3.org/ns/shacl#DatatypeConstraintComponent	MONDO:0000770	ERROR		IAO:0000231				Incorrect object type for has_obsolescence_reason range = string should_be_iri = False
http://www.w3.org/ns/shacl#DatatypeConstraintComponent	MONDO:0000772	ERROR		IAO:0000231				Incorrect object type for has_obsolescence_reason range = string should_be_iri = False
http://www.w3.org/ns/shacl#DatatypeConstraintComponent	MONDO:0000773	ERROR		IAO:0000231				Incorrect object type for has_obsolescence_reason range = string should_be_iri = False
http://www.w3.org/ns/shacl#DatatypeConstraintComponent	MONDO:0000776	ERROR		IAO:0000231				Incorrect object type for has_obsolescence_reason range = string should_be_iri = False
http://www.w3.org/ns/shacl#DatatypeConstraintComponent	MONDO:0000778	ERROR		IAO:0000231				Incorrect object type for has_obsolescence_reason range = string should_be_iri = False
http://www.w3.org/ns/shacl#DatatypeConstraintComponent	MONDO:0000779	ERROR		IAO:0000231				Incorrect object type for has_obsolescence_reason range = string should_be_iri = False
http://www.w3.org/ns/shacl#DatatypeConstraintComponent	MONDO:0000780	ERROR		IAO:0000231				Incorrect object type for has_obsolescence_reason range = string should_be_iri = False
http://www.w3.org/ns/shacl#DatatypeConstraintComponent	MONDO:0000781	ERROR		IAO:0000231				Incorrect object type for has_obsolescence_reason range = string should_be_iri = False
http://www.w3.org/ns/shacl#DatatypeConstraintComponent	MONDO:0000782	ERROR		IAO:0000231				Incorrect object type for has_obsolescence_reason range = string should_be_iri = False
http://www.w3.org/ns/shacl#DatatypeConstraintComponent	MONDO:0000783	ERROR		IAO:0000231				Incorrect object type for has_obsolescence_reason range = string should_be_iri = False
http://www.w3.org/ns/shacl#DatatypeConstraintComponent	MONDO:0000784	ERROR		IAO:0000231				Incorrect object type for has_obsolescence_reason range = string should_be_iri = False
http://www.w3.org/ns/shacl#DatatypeConstraintComponent	MONDO:0000785	ERROR		IAO:0000231				Incorrect object type for has_obsolescence_reason range = string should_be_iri = False
http://www.w3.org/ns/shacl#DatatypeConstraintComponent	MONDO:0000786	ERROR		IAO:0000231				Incorrect object type for has_obsolescence_reason range = string should_be_iri = False
http://www.w3.org/ns/shacl#DatatypeConstraintComponent	MONDO:0000787	ERROR		IAO:0000231				Incorrect object type for has_obsolescence_reason range = string should_be_iri = False
http://www.w3.org/ns/shacl#DatatypeConstraintComponent	MONDO:0000788	ERROR		IAO:0000231				Incorrect object type for has_obsolescence_reason range = string should_be_iri = False
http://www.w3.org/ns/shacl#DatatypeConstraintComponent	MONDO:0000789	ERROR		IAO:0000231				Incorrect object type for has_obsolescence_reason range = string should_be_iri = False
http://www.w3.org/ns/shacl#DatatypeConstraintComponent	MONDO:0000790	ERROR		IAO:0000231				Incorrect object type for has_obsolescence_reason range = string should_be_iri = False
http://www.w3.org/ns/shacl#DatatypeConstraintComponent	MONDO:0000791	ERROR		IAO:0000231				Incorrect object type for has_obsolescence_reason range = string should_be_iri = False
http://www.w3.org/ns/shacl#DatatypeConstraintComponent	MONDO:0000793	ERROR		IAO:0000231				Incorrect object type for has_obsolescence_reason range = string should_be_iri = False
http://www.w3.org/ns/shacl#DatatypeConstraintComponent	MONDO:0000794	ERROR		IAO:0000231				Incorrect object type for has_obsolescence_reason range = string should_be_iri = False
http://www.w3.org/ns/shacl#DatatypeConstraintComponent	MONDO:0000795	ERROR		IAO:0000231				Incorrect object type for has_obsolescence_reason range = string should_be_iri = False
http://www.w3.org/ns/shacl#DatatypeConstraintComponent	MONDO:0000796	ERROR		IAO:0000231				Incorrect object type for has_obsolescence_reason range = string should_be_iri = False
http://www.w3.org/ns/shacl#DatatypeConstraintComponent	MONDO:0000797	ERROR		IAO:0000231				Incorrect object type for has_obsolescence_reason range = string should_be_iri = False
http://www.w3.org/ns/shacl#DatatypeConstraintComponent	MONDO:0000798	ERROR		IAO:0000231				Incorrect object type for has_obsolescence_reason range = string should_be_iri = False
http://www.w3.org/ns/shacl#DatatypeConstraintComponent	MONDO:0000799	ERROR		IAO:0000231				Incorrect object type for has_obsolescence_reason range = string should_be_iri = False
http://www.w3.org/ns/shacl#DatatypeConstraintComponent	MONDO:0000800	ERROR		IAO:0000231				Incorrect object type for has_obsolescence_reason range = string should_be_iri = False
http://www.w3.org/ns/shacl#DatatypeConstraintComponent	MONDO:0000801	ERROR		IAO:0000231				Incorrect object type for has_obsolescence_reason range = string should_be_iri = False
http://www.w3.org/ns/shacl#DatatypeConstraintComponent	MONDO:0000802	ERROR		IAO:0000231				Incorrect object type for has_obsolescence_reason range = string should_be_iri = False
http://www.w3.org/ns/shacl#DatatypeConstraintComponent	MONDO:0000803	ERROR		IAO:0000231				Incorrect object type for has_obsolescence_reason range = string should_be_iri = False
http://www.w3.org/ns/shacl#DatatypeConstraintComponent	MONDO:0000804	ERROR		IAO:0000231				Incorrect object type for has_obsolescence_reason range = string should_be_iri = False
http://www.w3.org/ns/shacl#DatatypeConstraintComponent	MONDO:0000805	ERROR		IAO:0000231				Incorrect object type for has_obsolescence_reason range = string should_be_iri = False
http://www.w3.org/ns/shacl#DatatypeConstraintComponent	MONDO:0000806	ERROR		IAO:0000231				Incorrect object type for has_obsolescence_reason range = string should_be_iri = False
http://www.w3.org/ns/shacl#DatatypeConstraintComponent	MONDO:0000839	ERROR		IAO:0000231				Incorrect object type for has_obsolescence_reason range = string should_be_iri = False
http://www.w3.org/ns/shacl#DatatypeConstraintComponent	MONDO:0000865	ERROR		IAO:0000231				Incorrect object type for has_obsolescence_reason range = string should_be_iri = False
http://www.w3.org/ns/shacl#DatatypeConstraintComponent	MONDO:0000881	ERROR		IAO:0000231				Incorrect object type for has_obsolescence_reason range = string should_be_iri = False
http://www.w3.org/ns/shacl#DatatypeConstraintComponent	MONDO:0000882	ERROR		IAO:0000231				Incorrect object type for has_obsolescence_reason range = string should_be_iri = False
http://www.w3.org/ns/shacl#DatatypeConstraintComponent	MONDO:0000883	ERROR		IAO:0000231				Incorrect object type for has_obsolescence_reason range = string should_be_iri = False
http://www.w3.org/ns/shacl#DatatypeConstraintComponent	MONDO:0000991	ERROR		IAO:0000231				Incorrect object type for has_obsolescence_reason range = string should_be_iri = False
http://www.w3.org/ns/shacl#DatatypeConstraintComponent	MONDO:0001153	ERROR		IAO:0000231				Incorrect object type for has_obsolescence_reason range = string should_be_iri = False
http://www.w3.org/ns/shacl#DatatypeConstraintComponent	MONDO:0001306	ERROR		IAO:0000231				Incorrect object type for has_obsolescence_reason range = string should_be_iri = False
https://w3id.org/linkml/validation-model/DeprecatedPropertyComponent	MONDO:0000371	WARNING		oio:hasAlternativeId				Deprecated slot (has_alternative_id) for MONDO:0000371
https://w3id.org/linkml/validation-model/DeprecatedPropertyComponent	MONDO:0000486	WARNING		oio:hasAlternativeId				Deprecated slot (has_alternative_id) for MONDO:0000486
https://w3id.org/linkml/validation-model/DeprecatedPropertyComponent	MONDO:0000634	WARNING		oio:hasAlternativeId				Deprecated slot (has_alternative_id) for MONDO:0000634
https://w3id.org/linkml/validation-model/DeprecatedPropertyComponent	MONDO:0000989	WARNING		oio:hasAlternativeId				Deprecated slot (has_alternative_id) for MONDO:0000989
https://w3id.org/linkml/validation-model/DeprecatedPropertyComponent	MONDO:0001167	WARNING		oio:hasAlternativeId				Deprecated slot (has_alternative_id) for MONDO:0001167
https://w3id.org/linkml/validation-model/DeprecatedPropertyComponent	MONDO:0001217	WARNING		oio:hasAlternativeId				Deprecated slot (has_alternative_id) for MONDO:0001217
https://w3id.org/linkml/validation-model/DeprecatedPropertyComponent	MONDO:0001757	WARNING		oio:hasAlternativeId				Deprecated slot (has_alternative_id) for MONDO:0001757
https://w3id.org/linkml/validation-model/DeprecatedPropertyComponent	MONDO:0001764	WARNING		oio:hasAlternativeId				Deprecated slot (has_alternative_id) for MONDO:0001764
https://w3id.org/linkml/validation-model/DeprecatedPropertyComponent	MONDO:0002051	WARNING		oio:hasAlternativeId				Deprecated slot (has_alternative_id) for MONDO:0002051
https://w3id.org/linkml/validation-model/DeprecatedPropertyComponent	MONDO:0002142	WARNING		oio:hasAlternativeId				Deprecated slot (has_alternative_id) for MONDO:0002142
https://w3id.org/linkml/validation-model/DeprecatedPropertyComponent	MONDO:0002200	WARNING		oio:hasAlternativeId				Deprecated slot (has_alternative_id) for MONDO:0002200
https://w3id.org/linkml/validation-model/DeprecatedPropertyComponent	MONDO:0002278	WARNING		oio:hasAlternativeId				Deprecated slot (has_alternative_id) for MONDO:0002278
https://w3id.org/linkml/validation-model/DeprecatedPropertyComponent	MONDO:0002381	WARNING		oio:hasAlternativeId				Deprecated slot (has_alternative_id) for MONDO:0002381
https://w3id.org/linkml/validation-model/DeprecatedPropertyComponent	MONDO:0002413	WARNING		oio:hasAlternativeId				Deprecated slot (has_alternative_id) for MONDO:0002413
https://w3id.org/linkml/validation-model/DeprecatedPropertyComponent	MONDO:0002469	WARNING		oio:hasAlternativeId				Deprecated slot (has_alternative_id) for MONDO:0002469
https://w3id.org/linkml/validation-model/DeprecatedPropertyComponent	MONDO:0002571	WARNING		oio:hasAlternativeId				Deprecated slot (has_alternative_id) for MONDO:0002571
https://w3id.org/linkml/validation-model/DeprecatedPropertyComponent	MONDO:0003050	WARNING		oio:hasAlternativeId				Deprecated slot (has_alternative_id) for MONDO:0003050
https://w3id.org/linkml/validation-model/DeprecatedPropertyComponent	MONDO:0003061	WARNING		oio:hasAlternativeId				Deprecated slot (has_alternative_id) for MONDO:0003061
https://w3id.org/linkml/validation-model/DeprecatedPropertyComponent	MONDO:0003155	WARNING		oio:hasAlternativeId				Deprecated slot (has_alternative_id) for MONDO:0003155
https://w3id.org/linkml/validation-model/DeprecatedPropertyComponent	MONDO:0003264	WARNING		oio:hasAlternativeId				Deprecated slot (has_alternative_id) for MONDO:0003264
https://w3id.org/linkml/validation-model/DeprecatedPropertyComponent	MONDO:0003473	WARNING		oio:hasAlternativeId				Deprecated slot (has_alternative_id) for MONDO:0003473
https://w3id.org/linkml/validation-model/DeprecatedPropertyComponent	MONDO:0003645	WARNING		oio:hasAlternativeId				Deprecated slot (has_alternative_id) for MONDO:0003645
https://w3id.org/linkml/validation-model/DeprecatedPropertyComponent	MONDO:0003680	WARNING		oio:hasAlternativeId				Deprecated slot (has_alternative_id) for MONDO:0003680
https://w3id.org/linkml/validation-model/DeprecatedPropertyComponent	MONDO:0003792	WARNING		oio:hasAlternativeId				Deprecated slot (has_alternative_id) for MONDO:0003792
https://w3id.org/linkml/validation-model/DeprecatedPropertyComponent	MONDO:0003878	WARNING		oio:hasAlternativeId				Deprecated slot (has_alternative_id) for MONDO:0003878
https://w3id.org/linkml/validation-model/DeprecatedPropertyComponent	MONDO:0003912	WARNING		oio:hasAlternativeId				Deprecated slot (has_alternative_id) for MONDO:0003912
https://w3id.org/linkml/validation-model/DeprecatedPropertyComponent	MONDO:0003924	WARNING		oio:hasAlternativeId				Deprecated slot (has_alternative_id) for MONDO:0003924
https://w3id.org/linkml/validation-model/DeprecatedPropertyComponent	MONDO:0004047	WARNING		oio:hasAlternativeId				Deprecated slot (has_alternative_id) for MONDO:0004047
https://w3id.org/linkml/validation-model/DeprecatedPropertyComponent	MONDO:0004064	WARNING		oio:hasAlternativeId				Deprecated slot (has_alternative_id) for MONDO:0004064
https://w3id.org/linkml/validation-model/DeprecatedPropertyComponent	MONDO:0004109	WARNING		oio:hasAlternativeId				Deprecated slot (has_alternative_id) for MONDO:0004109
https://w3id.org/linkml/validation-model/DeprecatedPropertyComponent	MONDO:0004351	WARNING		oio:hasAlternativeId				Deprecated slot (has_alternative_id) for MONDO:0004351
https://w3id.org/linkml/validation-model/DeprecatedPropertyComponent	MONDO:0004829	WARNING		oio:hasAlternativeId				Deprecated slot (has_alternative_id) for MONDO:0004829
https://w3id.org/linkml/validation-model/DeprecatedPropertyComponent	MONDO:0004905	WARNING		oio:hasAlternativeId				Deprecated slot (has_alternative_id) for MONDO:0004905
https://w3id.org/linkml/validation-model/DeprecatedPropertyComponent	MONDO:0005091	WARNING		oio:hasAlternativeId				Deprecated slot (has_alternative_id) for MONDO:0005091
https://w3id.org/linkml/validation-model/DeprecatedPropertyComponent	MONDO:0005210	WARNING		oio:hasAlternativeId				Deprecated slot (has_alternative_id) for MONDO:0005210
https://w3id.org/linkml/validation-model/DeprecatedPropertyComponent	MONDO:0005223	WARNING		oio:hasAlternativeId				Deprecated slot (has_alternative_id) for MONDO:0005223
https://w3id.org/linkml/validation-model/DeprecatedPropertyComponent	MONDO:0005335	WARNING		oio:hasAlternativeId				Deprecated slot (has_alternative_id) for MONDO:0005335
https://w3id.org/linkml/validation-model/DeprecatedPropertyComponent	MONDO:0005375	WARNING		oio:hasAlternativeId				Deprecated slot (has_alternative_id) for MONDO:0005375
https://w3id.org/linkml/validation-model/DeprecatedPropertyComponent	MONDO:0005459	WARNING		oio:hasAlternativeId				Deprecated slot (has_alternative_id) for MONDO:0005459
https://w3id.org/linkml/validation-model/DeprecatedPropertyComponent	MONDO:0005619	WARNING		oio:hasAlternativeId				Deprecated slot (has_alternative_id) for MONDO:0005619
https://w3id.org/linkml/validation-model/DeprecatedPropertyComponent	MONDO:0005651	WARNING		oio:hasAlternativeId				Deprecated slot (has_alternative_id) for MONDO:0005651
https://w3id.org/linkml/validation-model/DeprecatedPropertyComponent	MONDO:0005674	WARNING		oio:hasAlternativeId				Deprecated slot (has_alternative_id) for MONDO:0005674
https://w3id.org/linkml/validation-model/DeprecatedPropertyComponent	MONDO:0005730	WARNING		oio:hasAlternativeId				Deprecated slot (has_alternative_id) for MONDO:0005730
https://w3id.org/linkml/validation-model/DeprecatedPropertyComponent	MONDO:0005780	WARNING		oio:hasAlternativeId				Deprecated slot (has_alternative_id) for MONDO:0005780
https://w3id.org/linkml/validation-model/DeprecatedPropertyComponent	MONDO:0005817	WARNING		oio:hasAlternativeId				Deprecated slot (has_alternative_id) for MONDO:0005817
https://w3id.org/linkml/validation-model/DeprecatedPropertyComponent	MONDO:0005871	WARNING		oio:hasAlternativeId				Deprecated slot (has_alternative_id) for MONDO:0005871
https://w3id.org/linkml/validation-model/DeprecatedPropertyComponent	MONDO:0005990	WARNING		oio:hasAlternativeId				Deprecated slot (has_alternative_id) for MONDO:0005990
https://w3id.org/linkml/validation-model/DeprecatedPropertyComponent	MONDO:0006250	WARNING		oio:hasAlternativeId				Deprecated slot (has_alternative_id) for MONDO:0006250
https://w3id.org/linkml/validation-model/DeprecatedPropertyComponent	MONDO:0006260	WARNING		oio:hasAlternativeId				Deprecated slot (has_alternative_id) for MONDO:0006260
https://w3id.org/linkml/validation-model/DeprecatedPropertyComponent	MONDO:0020573	WARNING		oio:creation_date				Deprecated slot (creation_date) for MONDO:0020573
http://www.w3.org/ns/shacl#DatatypeConstraintComponent	MONDO:0800167	ERROR		IAO:0000233				Incorrect object type for term_tracker_item range = string should_be_iri = False
http://www.w3.org/ns/shacl#DatatypeConstraintComponent	MONDO:0000030	ERROR		IAO:0000233				Incorrect datatype for term_tracker_item expected: xsd:string for string
http://www.w3.org/ns/shacl#DatatypeConstraintComponent	MONDO:0000045	ERROR		IAO:0000233				Incorrect datatype for term_tracker_item expected: xsd:string for string
http://www.w3.org/ns/shacl#DatatypeConstraintComponent	MONDO:0000049	ERROR		IAO:0000233				Incorrect datatype for term_tracker_item expected: xsd:string for string
http://www.w3.org/ns/shacl#DatatypeConstraintComponent	MONDO:0000127	ERROR		IAO:0000233				Incorrect datatype for term_tracker_item expected: xsd:string for string
http://www.w3.org/ns/shacl#DatatypeConstraintComponent	MONDO:0000128	ERROR		IAO:0000233				Incorrect datatype for term_tracker_item expected: xsd:string for string
http://www.w3.org/ns/shacl#DatatypeConstraintComponent	MONDO:0000136	ERROR		IAO:0000233				Incorrect datatype for term_tracker_item expected: xsd:string for string
http://www.w3.org/ns/shacl#DatatypeConstraintComponent	MONDO:0000140	ERROR		IAO:0000233				Incorrect datatype for term_tracker_item expected: xsd:string for string
http://www.w3.org/ns/shacl#DatatypeConstraintComponent	MONDO:0000182	ERROR		IAO:0000233				Incorrect datatype for term_tracker_item expected: xsd:string for string
http://www.w3.org/ns/shacl#DatatypeConstraintComponent	MONDO:0000184	ERROR		IAO:0000233				Incorrect datatype for term_tracker_item expected: xsd:string for string
http://www.w3.org/ns/shacl#DatatypeConstraintComponent	MONDO:0000212	ERROR		IAO:0000233				Incorrect datatype for term_tracker_item expected: xsd:string for string
http://www.w3.org/ns/shacl#DatatypeConstraintComponent	MONDO:0000218	ERROR		IAO:0000233				Incorrect datatype for term_tracker_item expected: xsd:string for string
http://www.w3.org/ns/shacl#DatatypeConstraintComponent	MONDO:0000237	ERROR		IAO:0000233				Incorrect datatype for term_tracker_item expected: xsd:string for string
http://www.w3.org/ns/shacl#DatatypeConstraintComponent	MONDO:0000238	ERROR		IAO:0000233				Incorrect datatype for term_tracker_item expected: xsd:string for string
http://www.w3.org/ns/shacl#DatatypeConstraintComponent	MONDO:0000241	ERROR		IAO:0000233				Incorrect datatype for term_tracker_item expected: xsd:string for string
http://www.w3.org/ns/shacl#DatatypeConstraintComponent	MONDO:0000275	ERROR		IAO:0000233				Incorrect datatype for term_tracker_item expected: xsd:string for string
http://www.w3.org/ns/shacl#DatatypeConstraintComponent	MONDO:0000333	ERROR		IAO:0000233				Incorrect datatype for term_tracker_item expected: xsd:string for string
http://www.w3.org/ns/shacl#DatatypeConstraintComponent	MONDO:0000354	ERROR		IAO:0000233				Incorrect datatype for term_tracker_item expected: xsd:string for string
http://www.w3.org/ns/shacl#DatatypeConstraintComponent	MONDO:0000406	ERROR		IAO:0000233				Incorrect datatype for term_tracker_item expected: xsd:string for string
http://www.w3.org/ns/shacl#DatatypeConstraintComponent	MONDO:0000418	ERROR		IAO:0000233				Incorrect datatype for term_tracker_item expected: xsd:string for string
http://www.w3.org/ns/shacl#DatatypeConstraintComponent	MONDO:0000476	ERROR		IAO:0000233				Incorrect datatype for term_tracker_item expected: xsd:string for string
http://www.w3.org/ns/shacl#DatatypeConstraintComponent	MONDO:0000508	ERROR		IAO:0000233				Incorrect datatype for term_tracker_item expected: xsd:string for string
http://www.w3.org/ns/shacl#DatatypeConstraintComponent	MONDO:0000528	ERROR		IAO:0000233				Incorrect datatype for term_tracker_item expected: xsd:string for string
http://www.w3.org/ns/shacl#DatatypeConstraintComponent	MONDO:0000529	ERROR		IAO:0000233				Incorrect datatype for term_tracker_item expected: xsd:string for string
http://www.w3.org/ns/shacl#DatatypeConstraintComponent	MONDO:0000557	ERROR		IAO:0000233				Incorrect datatype for term_tracker_item expected: xsd:string for string
http://www.w3.org/ns/shacl#DatatypeConstraintComponent	MONDO:0000559	ERROR		IAO:0000233				Incorrect datatype for term_tracker_item expected: xsd:string for string
http://www.w3.org/ns/shacl#DatatypeConstraintComponent	MONDO:0000561	ERROR		IAO:0000233				Incorrect datatype for term_tracker_item expected: xsd:string for string
http://www.w3.org/ns/shacl#DatatypeConstraintComponent	MONDO:0000575	ERROR		IAO:0000233				Incorrect datatype for term_tracker_item expected: xsd:string for string
http://www.w3.org/ns/shacl#DatatypeConstraintComponent	MONDO:0000581	ERROR		IAO:0000233				Incorrect datatype for term_tracker_item expected: xsd:string for string
http://www.w3.org/ns/shacl#DatatypeConstraintComponent	MONDO:0000601	ERROR		IAO:0000233				Incorrect datatype for term_tracker_item expected: xsd:string for string
http://www.w3.org/ns/shacl#DatatypeConstraintComponent	MONDO:0000606	ERROR		IAO:0000233				Incorrect datatype for term_tracker_item expected: xsd:string for string
http://www.w3.org/ns/shacl#DatatypeConstraintComponent	MONDO:0000651	ERROR		IAO:0000233				Incorrect datatype for term_tracker_item expected: xsd:string for string
http://www.w3.org/ns/shacl#DatatypeConstraintComponent	MONDO:0000688	ERROR		IAO:0000233				Incorrect datatype for term_tracker_item expected: xsd:string for string
http://www.w3.org/ns/shacl#DatatypeConstraintComponent	MONDO:0000712	ERROR		IAO:0000233				Incorrect datatype for term_tracker_item expected: xsd:string for string
http://www.w3.org/ns/shacl#DatatypeConstraintComponent	MONDO:0000746	ERROR		IAO:0000233				Incorrect datatype for term_tracker_item expected: xsd:string for string
http://www.w3.org/ns/shacl#DatatypeConstraintComponent	MONDO:0000747	ERROR		IAO:0000233				Incorrect datatype for term_tracker_item expected: xsd:string for string
http://www.w3.org/ns/shacl#DatatypeConstraintComponent	MONDO:0000749	ERROR		IAO:0000233				Incorrect datatype for term_tracker_item expected: xsd:string for string
http://www.w3.org/ns/shacl#DatatypeConstraintComponent	MONDO:0000769	ERROR		IAO:0000233				Incorrect datatype for term_tracker_item expected: xsd:string for string
http://www.w3.org/ns/shacl#DatatypeConstraintComponent	MONDO:0000770	ERROR		IAO:0000233				Incorrect datatype for term_tracker_item expected: xsd:string for string
http://www.w3.org/ns/shacl#DatatypeConstraintComponent	MONDO:0000772	ERROR		IAO:0000233				Incorrect datatype for term_tracker_item expected: xsd:string for string
http://www.w3.org/ns/shacl#DatatypeConstraintComponent	MONDO:0000773	ERROR		IAO:0000233				Incorrect datatype for term_tracker_item expected: xsd:string for string
http://www.w3.org/ns/shacl#DatatypeConstraintComponent	MONDO:0000776	ERROR		IAO:0000233				Incorrect datatype for term_tracker_item expected: xsd:string for string
http://www.w3.org/ns/shacl#DatatypeConstraintComponent	MONDO:0000778	ERROR		IAO:0000233				Incorrect datatype for term_tracker_item expected: xsd:string for string
http://www.w3.org/ns/shacl#DatatypeConstraintComponent	MONDO:0000779	ERROR		IAO:0000233				Incorrect datatype for term_tracker_item expected: xsd:string for string
http://www.w3.org/ns/shacl#DatatypeConstraintComponent	MONDO:0000780	ERROR		IAO:0000233				Incorrect datatype for term_tracker_item expected: xsd:string for string
http://www.w3.org/ns/shacl#DatatypeConstraintComponent	MONDO:0000781	ERROR		IAO:0000233				Incorrect datatype for term_tracker_item expected: xsd:string for string
http://www.w3.org/ns/shacl#DatatypeConstraintComponent	MONDO:0000782	ERROR		IAO:0000233				Incorrect datatype for term_tracker_item expected: xsd:string for string
http://www.w3.org/ns/shacl#DatatypeConstraintComponent	MONDO:0000783	ERROR		IAO:0000233				Incorrect datatype for term_tracker_item expected: xsd:string for string
http://www.w3.org/ns/shacl#DatatypeConstraintComponent	MONDO:0000784	ERROR		IAO:0000233				Incorrect datatype for term_tracker_item expected: xsd:string for string
http://www.w3.org/ns/shacl#DatatypeConstraintComponent	MONDO:0000308	ERROR		owl:disjointWith				Incorrect object type for disjointWith range = string should_be_iri = False
http://www.w3.org/ns/shacl#DatatypeConstraintComponent	MONDO:0000341	ERROR		owl:disjointWith				Incorrect object type for disjointWith range = string should_be_iri = False
http://www.w3.org/ns/shacl#DatatypeConstraintComponent	MONDO:0000368	ERROR		owl:disjointWith				Incorrect object type for disjointWith range = string should_be_iri = False
http://www.w3.org/ns/shacl#DatatypeConstraintComponent	MONDO:0000425	ERROR		owl:disjointWith				Incorrect object type for disjointWith range = string should_be_iri = False
http://www.w3.org/ns/shacl#DatatypeConstraintComponent	MONDO:0000425	ERROR		owl:disjointWith				Incorrect object type for disjointWith range = string should_be_iri = False
http://www.w3.org/ns/shacl#DatatypeConstraintComponent	MONDO:0000426	ERROR		owl:disjointWith				Incorrect object type for disjointWith range = string should_be_iri = False
http://www.w3.org/ns/shacl#DatatypeConstraintComponent	MONDO:0000498	ERROR		owl:disjointWith				Incorrect object type for disjointWith range = string should_be_iri = False
http://www.w3.org/ns/shacl#DatatypeConstraintComponent	MONDO:0000591	ERROR		owl:disjointWith				Incorrect object type for disjointWith range = string should_be_iri = False
http://www.w3.org/ns/shacl#DatatypeConstraintComponent	MONDO:0000592	ERROR		owl:disjointWith				Incorrect object type for disjointWith range = string should_be_iri = False
http://www.w3.org/ns/shacl#DatatypeConstraintComponent	MONDO:0000700	ERROR		owl:disjointWith				Incorrect object type for disjointWith range = string should_be_iri = False
http://www.w3.org/ns/shacl#DatatypeConstraintComponent	MONDO:0000947	ERROR		owl:disjointWith				Incorrect object type for disjointWith range = string should_be_iri = False
http://www.w3.org/ns/shacl#DatatypeConstraintComponent	MONDO:0001283	ERROR		owl:disjointWith				Incorrect object type for disjointWith range = string should_be_iri = False
http://www.w3.org/ns/shacl#DatatypeConstraintComponent	MONDO:0001353	ERROR		owl:disjointWith				Incorrect object type for disjointWith range = string should_be_iri = False
http://www.w3.org/ns/shacl#DatatypeConstraintComponent	MONDO:0001517	ERROR		owl:disjointWith				Incorrect object type for disjointWith range = string should_be_iri = False
http://www.w3.org/ns/shacl#DatatypeConstraintComponent	MONDO:0001530	ERROR		owl:disjointWith				Incorrect object type for disjointWith range = string should_be_iri = False
http://www.w3.org/ns/shacl#DatatypeConstraintComponent	MONDO:0001558	ERROR		owl:disjointWith				Incorrect object type for disjointWith range = string should_be_iri = False
http://www.w3.org/ns/shacl#DatatypeConstraintComponent	MONDO:0002254	ERROR		owl:disjointWith				Incorrect object type for disjointWith range = string should_be_iri = False
http://www.w3.org/ns/shacl#DatatypeConstraintComponent	MONDO:0002254	ERROR		owl:disjointWith				Incorrect object type for disjointWith range = string should_be_iri = False
http://www.w3.org/ns/shacl#DatatypeConstraintComponent	MONDO:0002407	ERROR		owl:disjointWith				Incorrect object type for disjointWith range = string should_be_iri = False
http://www.w3.org/ns/shacl#DatatypeConstraintComponent	MONDO:0003603	ERROR		owl:disjointWith				Incorrect object type for disjointWith range = string should_be_iri = False
http://www.w3.org/ns/shacl#DatatypeConstraintComponent	MONDO:0003725	ERROR		owl:disjointWith				Incorrect object type for disjointWith range = string should_be_iri = False
http://www.w3.org/ns/shacl#DatatypeConstraintComponent	MONDO:0003847	ERROR		owl:disjointWith				Incorrect object type for disjointWith range = string should_be_iri = False
http://www.w3.org/ns/shacl#DatatypeConstraintComponent	MONDO:0004213	ERROR		owl:disjointWith				Incorrect object type for disjointWith range = string should_be_iri = False
http://www.w3.org/ns/shacl#DatatypeConstraintComponent	MONDO:0004529	ERROR		owl:disjointWith				Incorrect object type for disjointWith range = string should_be_iri = False
http://www.w3.org/ns/shacl#DatatypeConstraintComponent	MONDO:0004765	ERROR		owl:disjointWith				Incorrect object type for disjointWith range = string should_be_iri = False
http://www.w3.org/ns/shacl#DatatypeConstraintComponent	MONDO:0004796	ERROR		owl:disjointWith				Incorrect object type for disjointWith range = string should_be_iri = False
http://www.w3.org/ns/shacl#DatatypeConstraintComponent	MONDO:0004970	ERROR		owl:disjointWith				Incorrect object type for disjointWith range = string should_be_iri = False
http://www.w3.org/ns/shacl#DatatypeConstraintComponent	MONDO:0004992	ERROR		owl:disjointWith				Incorrect object type for disjointWith range = string should_be_iri = False
http://www.w3.org/ns/shacl#DatatypeConstraintComponent	MONDO:0005012	ERROR		owl:disjointWith				Incorrect object type for disjointWith range = string should_be_iri = False
http://www.w3.org/ns/shacl#DatatypeConstraintComponent	MONDO:0005070	ERROR		owl:disjointWith				Incorrect object type for disjointWith range = string should_be_iri = False
http://www.w3.org/ns/shacl#DatatypeConstraintComponent	MONDO:0005083	ERROR		owl:disjointWith				Incorrect object type for disjointWith range = string should_be_iri = False
http://www.w3.org/ns/shacl#DatatypeConstraintComponent	MONDO:0005084	ERROR		owl:disjointWith				Incorrect object type for disjointWith range = string should_be_iri = False
http://www.w3.org/ns/shacl#DatatypeConstraintComponent	MONDO:0005108	ERROR		owl:disjointWith				Incorrect object type for disjointWith range = string should_be_iri = False
http://www.w3.org/ns/shacl#DatatypeConstraintComponent	MONDO:0005135	ERROR		owl:disjointWith				Incorrect object type for disjointWith range = string should_be_iri = False
http://www.w3.org/ns/shacl#DatatypeConstraintComponent	MONDO:0005144	ERROR		owl:disjointWith				Incorrect object type for disjointWith range = string should_be_iri = False
http://www.w3.org/ns/shacl#DatatypeConstraintComponent	MONDO:0005271	ERROR		owl:disjointWith				Incorrect object type for disjointWith range = string should_be_iri = False
http://www.w3.org/ns/shacl#DatatypeConstraintComponent	MONDO:0005550	ERROR		owl:disjointWith				Incorrect object type for disjointWith range = string should_be_iri = False
http://www.w3.org/ns/shacl#DatatypeConstraintComponent	MONDO:0005583	ERROR		owl:disjointWith				Incorrect object type for disjointWith range = string should_be_iri = False
http://www.w3.org/ns/shacl#DatatypeConstraintComponent	MONDO:0006350	ERROR		owl:disjointWith				Incorrect object type for disjointWith range = string should_be_iri = False
http://www.w3.org/ns/shacl#DatatypeConstraintComponent	MONDO:0006662	ERROR		owl:disjointWith				Incorrect object type for disjointWith range = string should_be_iri = False
http://www.w3.org/ns/shacl#DatatypeConstraintComponent	MONDO:0007303	ERROR		owl:disjointWith				Incorrect object type for disjointWith range = string should_be_iri = False
http://www.w3.org/ns/shacl#DatatypeConstraintComponent	MONDO:0007874	ERROR		owl:disjointWith				Incorrect object type for disjointWith range = string should_be_iri = False
http://www.w3.org/ns/shacl#DatatypeConstraintComponent	MONDO:0008223	ERROR		owl:disjointWith				Incorrect object type for disjointWith range = string should_be_iri = False
http://www.w3.org/ns/shacl#DatatypeConstraintComponent	MONDO:0009180	ERROR		owl:disjointWith				Incorrect object type for disjointWith range = string should_be_iri = False
http://www.w3.org/ns/shacl#DatatypeConstraintComponent	MONDO:0009348	ERROR		owl:disjointWith				Incorrect object type for disjointWith range = string should_be_iri = False
http://www.w3.org/ns/shacl#DatatypeConstraintComponent	MONDO:0009868	ERROR		owl:disjointWith				Incorrect object type for disjointWith range = string should_be_iri = False
http://www.w3.org/ns/shacl#DatatypeConstraintComponent	MONDO:0011758	ERROR		owl:disjointWith				Incorrect object type for disjointWith range = string should_be_iri = False
http://www.w3.org/ns/shacl#DatatypeConstraintComponent	MONDO:0011759	ERROR		owl:disjointWith				Incorrect object type for disjointWith range = string should_be_iri = False
http://www.w3.org/ns/shacl#DatatypeConstraintComponent	MONDO:0015531	ERROR		owl:disjointWith				Incorrect object type for disjointWith range = string should_be_iri = False
http://www.w3.org/ns/shacl#DatatypeConstraintComponent	MONDO:0000015	ERROR		rdfs:seeAlso				Incorrect object type for seeAlso range = Thing should_be_iri = True
http://www.w3.org/ns/shacl#DatatypeConstraintComponent	MONDO:0000044	ERROR		rdfs:seeAlso				Incorrect object type for seeAlso range = Thing should_be_iri = True
http://www.w3.org/ns/shacl#DatatypeConstraintComponent	MONDO:0000088	ERROR		rdfs:seeAlso				Incorrect object type for seeAlso range = Thing should_be_iri = True
http://www.w3.org/ns/shacl#DatatypeConstraintComponent	MONDO:0000170	ERROR		rdfs:seeAlso				Incorrect object type for seeAlso range = Thing should_be_iri = True
http://www.w3.org/ns/shacl#DatatypeConstraintComponent	MONDO:0000193	ERROR		rdfs:seeAlso				Incorrect object type for seeAlso range = Thing should_be_iri = True
http://www.w3.org/ns/shacl#DatatypeConstraintComponent	MONDO:0000225	ERROR		rdfs:seeAlso				Incorrect object type for seeAlso range = Thing should_be_iri = True
http://www.w3.org/ns/shacl#DatatypeConstraintComponent	MONDO:0000241	ERROR		rdfs:seeAlso				Incorrect object type for seeAlso range = Thing should_be_iri = True
http://www.w3.org/ns/shacl#DatatypeConstraintComponent	MONDO:0000291	ERROR		rdfs:seeAlso				Incorrect object type for seeAlso range = Thing should_be_iri = True
http://www.w3.org/ns/shacl#DatatypeConstraintComponent	MONDO:0000332	ERROR		rdfs:seeAlso				Incorrect object type for seeAlso range = Thing should_be_iri = True
http://www.w3.org/ns/shacl#DatatypeConstraintComponent	MONDO:0000430	ERROR		rdfs:seeAlso				Incorrect object type for seeAlso range = Thing should_be_iri = True
http://www.w3.org/ns/shacl#DatatypeConstraintComponent	MONDO:0000447	ERROR		rdfs:seeAlso				Incorrect object type for seeAlso range = Thing should_be_iri = True
http://www.w3.org/ns/shacl#DatatypeConstraintComponent	MONDO:0000481	ERROR		rdfs:seeAlso				Incorrect object type for seeAlso range = Thing should_be_iri = True
http://www.w3.org/ns/shacl#DatatypeConstraintComponent	MONDO:0000486	ERROR		rdfs:seeAlso				Incorrect object type for seeAlso range = Thing should_be_iri = True
http://www.w3.org/ns/shacl#DatatypeConstraintComponent	MONDO:0000501	ERROR		rdfs:seeAlso				Incorrect object type for seeAlso range = Thing should_be_iri = True
http://www.w3.org/ns/shacl#DatatypeConstraintComponent	MONDO:0000565	ERROR		rdfs:seeAlso				Incorrect object type for seeAlso range = Thing should_be_iri = True
http://www.w3.org/ns/shacl#DatatypeConstraintComponent	MONDO:0000597	ERROR		rdfs:seeAlso				Incorrect object type for seeAlso range = Thing should_be_iri = True
http://www.w3.org/ns/shacl#DatatypeConstraintComponent	MONDO:0000639	ERROR		rdfs:seeAlso				Incorrect object type for seeAlso range = Thing should_be_iri = True
http://www.w3.org/ns/shacl#DatatypeConstraintComponent	MONDO:0000665	ERROR		rdfs:seeAlso				Incorrect object type for seeAlso range = Thing should_be_iri = True
http://www.w3.org/ns/shacl#DatatypeConstraintComponent	MONDO:0000678	ERROR		rdfs:seeAlso				Incorrect object type for seeAlso range = Thing should_be_iri = True
http://www.w3.org/ns/shacl#DatatypeConstraintComponent	MONDO:0000688	ERROR		rdfs:seeAlso				Incorrect object type for seeAlso range = Thing should_be_iri = True
http://www.w3.org/ns/shacl#DatatypeConstraintComponent	MONDO:0000703	ERROR		rdfs:seeAlso				Incorrect object type for seeAlso range = Thing should_be_iri = True
http://www.w3.org/ns/shacl#DatatypeConstraintComponent	MONDO:0000732	ERROR		rdfs:seeAlso				Incorrect object type for seeAlso range = Thing should_be_iri = True
http://www.w3.org/ns/shacl#DatatypeConstraintComponent	MONDO:0000736	ERROR		rdfs:seeAlso				Incorrect object type for seeAlso range = Thing should_be_iri = True
http://www.w3.org/ns/shacl#DatatypeConstraintComponent	MONDO:0000755	ERROR		rdfs:seeAlso				Incorrect object type for seeAlso range = Thing should_be_iri = True
http://www.w3.org/ns/shacl#DatatypeConstraintComponent	MONDO:0000870	ERROR		rdfs:seeAlso				Incorrect object type for seeAlso range = Thing should_be_iri = True
http://www.w3.org/ns/shacl#DatatypeConstraintComponent	MONDO:0000873	ERROR		rdfs:seeAlso				Incorrect object type for seeAlso range = Thing should_be_iri = True
http://www.w3.org/ns/shacl#DatatypeConstraintComponent	MONDO:0000878	ERROR		rdfs:seeAlso				Incorrect object type for seeAlso range = Thing should_be_iri = True
http://www.w3.org/ns/shacl#DatatypeConstraintComponent	MONDO:0000910	ERROR		rdfs:seeAlso				Incorrect object type for seeAlso range = Thing should_be_iri = True
http://www.w3.org/ns/shacl#DatatypeConstraintComponent	MONDO:0000956	ERROR		rdfs:seeAlso				Incorrect object type for seeAlso range = Thing should_be_iri = True
http://www.w3.org/ns/shacl#DatatypeConstraintComponent	MONDO:0000989	ERROR		rdfs:seeAlso				Incorrect object type for seeAlso range = Thing should_be_iri = True
http://www.w3.org/ns/shacl#DatatypeConstraintComponent	MONDO:0000995	ERROR		rdfs:seeAlso				Incorrect object type for seeAlso range = Thing should_be_iri = True
http://www.w3.org/ns/shacl#DatatypeConstraintComponent	MONDO:0001001	ERROR		rdfs:seeAlso				Incorrect object type for seeAlso range = Thing should_be_iri = True
http://www.w3.org/ns/shacl#DatatypeConstraintComponent	MONDO:0001005	ERROR		rdfs:seeAlso				Incorrect object type for seeAlso range = Thing should_be_iri = True
http://www.w3.org/ns/shacl#DatatypeConstraintComponent	MONDO:0001029	ERROR		rdfs:seeAlso				Incorrect object type for seeAlso range = Thing should_be_iri = True
http://www.w3.org/ns/shacl#DatatypeConstraintComponent	MONDO:0001078	ERROR		rdfs:seeAlso				Incorrect object type for seeAlso range = Thing should_be_iri = True
http://www.w3.org/ns/shacl#DatatypeConstraintComponent	MONDO:0001083	ERROR		rdfs:seeAlso				Incorrect object type for seeAlso range = Thing should_be_iri = True
http://www.w3.org/ns/shacl#DatatypeConstraintComponent	MONDO:0001112	ERROR		rdfs:seeAlso				Incorrect object type for seeAlso range = Thing should_be_iri = True
http://www.w3.org/ns/shacl#DatatypeConstraintComponent	MONDO:0001167	ERROR		rdfs:seeAlso				Incorrect object type for seeAlso range = Thing should_be_iri = True
http://www.w3.org/ns/shacl#DatatypeConstraintComponent	MONDO:0001170	ERROR		rdfs:seeAlso				Incorrect object type for seeAlso range = Thing should_be_iri = True
http://www.w3.org/ns/shacl#DatatypeConstraintComponent	MONDO:0001186	ERROR		rdfs:seeAlso				Incorrect object type for seeAlso range = Thing should_be_iri = True
http://www.w3.org/ns/shacl#DatatypeConstraintComponent	MONDO:0001195	ERROR		rdfs:seeAlso				Incorrect object type for seeAlso range = Thing should_be_iri = True
http://www.w3.org/ns/shacl#DatatypeConstraintComponent	MONDO:0001217	ERROR		rdfs:seeAlso				Incorrect object type for seeAlso range = Thing should_be_iri = True
http://www.w3.org/ns/shacl#DatatypeConstraintComponent	MONDO:0001220	ERROR		rdfs:seeAlso				Incorrect object type for seeAlso range = Thing should_be_iri = True
http://www.w3.org/ns/shacl#DatatypeConstraintComponent	MONDO:0001249	ERROR		rdfs:seeAlso				Incorrect object type for seeAlso range = Thing should_be_iri = True
http://www.w3.org/ns/shacl#DatatypeConstraintComponent	MONDO:0001260	ERROR		rdfs:seeAlso				Incorrect object type for seeAlso range = Thing should_be_iri = True
http://www.w3.org/ns/shacl#DatatypeConstraintComponent	MONDO:0001266	ERROR		rdfs:seeAlso				Incorrect object type for seeAlso range = Thing should_be_iri = True
http://www.w3.org/ns/shacl#DatatypeConstraintComponent	MONDO:0001275	ERROR		rdfs:seeAlso				Incorrect object type for seeAlso range = Thing should_be_iri = True
http://www.w3.org/ns/shacl#DatatypeConstraintComponent	MONDO:0001294	ERROR		rdfs:seeAlso				Incorrect object type for seeAlso range = Thing should_be_iri = True
http://www.w3.org/ns/shacl#DatatypeConstraintComponent	MONDO:0001301	ERROR		rdfs:seeAlso				Incorrect object type for seeAlso range = Thing should_be_iri = True
http://www.w3.org/ns/shacl#ClosedConstraintComponent	MONDO:0000087	ERROR		obo:mondo#excluded_subClassOf				Unknown pred (obo:mondo#excluded_subClassOf) = MONDO:0000508 None
http://www.w3.org/ns/shacl#ClosedConstraintComponent	MONDO:0000088	ERROR		obo:mondo#excluded_subClassOf				Unknown pred (obo:mondo#excluded_subClassOf) = MONDO:0019590 None
http://www.w3.org/ns/shacl#ClosedConstraintComponent	MONDO:0000107	ERROR		obo:mondo#excluded_subClassOf				Unknown pred (obo:mondo#excluded_subClassOf) = MONDO:0015397 None
http://www.w3.org/ns/shacl#ClosedConstraintComponent	MONDO:0000136	ERROR		obo:mondo#confidence				Unknown pred (obo:mondo#confidence) = None 1.246376811594203
http://www.w3.org/ns/shacl#ClosedConstraintComponent	MONDO:0000162	ERROR		obo:mondo#excluded_subClassOf				Unknown pred (obo:mondo#excluded_subClassOf) = MONDO:0007699 None
http://www.w3.org/ns/shacl#ClosedConstraintComponent	MONDO:0000170	ERROR		obo:mondo#confidence				Unknown pred (obo:mondo#confidence) = None 0.8448594714285722
http://www.w3.org/ns/shacl#ClosedConstraintComponent	MONDO:0000171	ERROR		obo:mondo#confidence				Unknown pred (obo:mondo#confidence) = None 0.5294117647058822
http://www.w3.org/ns/shacl#ClosedConstraintComponent	MONDO:0000200	ERROR		obo:mondo#confidence				Unknown pred (obo:mondo#confidence) = None 4.2
http://www.w3.org/ns/shacl#ClosedConstraintComponent	MONDO:0000200	ERROR		obo:mondo#excluded_subClassOf				Unknown pred (obo:mondo#excluded_subClassOf) = MONDO:0015159 None
http://www.w3.org/ns/shacl#ClosedConstraintComponent	MONDO:0000200	ERROR		obo:mondo#excluded_subClassOf				Unknown pred (obo:mondo#excluded_subClassOf) = MONDO:0000508 None
http://www.w3.org/ns/shacl#ClosedConstraintComponent	MONDO:0000208	ERROR		obo:mondo#excluded_subClassOf				Unknown pred (obo:mondo#excluded_subClassOf) = MONDO:0018320 None
http://www.w3.org/ns/shacl#ClosedConstraintComponent	MONDO:0000212	ERROR		obo:mondo#excluded_subClassOf				Unknown pred (obo:mondo#excluded_subClassOf) = MONDO:0019743 None
http://www.w3.org/ns/shacl#ClosedConstraintComponent	MONDO:0000225	ERROR		obo:mondo#excluded_from_qc_check				Unknown pred (obo:mondo#excluded_from_qc_check) = obo:mondo/sparql/qc/general/qc-single-child.sparql None
http://www.w3.org/ns/shacl#ClosedConstraintComponent	MONDO:0000236	ERROR		obo:mondo#excluded_subClassOf				Unknown pred (obo:mondo#excluded_subClassOf) = MONDO:0001701 None
http://www.w3.org/ns/shacl#ClosedConstraintComponent	MONDO:0000241	ERROR		obo:mondo#excluded_from_qc_check				Unknown pred (obo:mondo#excluded_from_qc_check) = obo:mondo/sparql/qc/general/qc-single-child.sparql None
http://www.w3.org/ns/shacl#ClosedConstraintComponent	MONDO:0000265	ERROR		obo:mondo#excluded_subClassOf				Unknown pred (obo:mondo#excluded_subClassOf) = MONDO:0005249 None
http://www.w3.org/ns/shacl#ClosedConstraintComponent	MONDO:0000273	ERROR		obo:mondo#excluded_from_qc_check				Unknown pred (obo:mondo#excluded_from_qc_check) = obo:mondo/sparql/qc/general/qc-single-child.sparql None
http://www.w3.org/ns/shacl#ClosedConstraintComponent	MONDO:0000302	ERROR		obo:mondo#excluded_subClassOf				Unknown pred (obo:mondo#excluded_subClassOf) = MONDO:0005093 None
http://www.w3.org/ns/shacl#ClosedConstraintComponent	MONDO:0000302	ERROR		obo:mondo#excluded_subClassOf				Unknown pred (obo:mondo#excluded_subClassOf) = MONDO:0000255 None
http://www.w3.org/ns/shacl#ClosedConstraintComponent	MONDO:0000332	ERROR		obo:mondo#excluded_from_qc_check				Unknown pred (obo:mondo#excluded_from_qc_check) = obo:mondo/sparql/qc/general/qc-single-child.sparql None
http://www.w3.org/ns/shacl#ClosedConstraintComponent	MONDO:0000332	ERROR		obo:mondo#excluded_subClassOf				Unknown pred (obo:mondo#excluded_subClassOf) = MONDO:0016003 None
http://www.w3.org/ns/shacl#ClosedConstraintComponent	MONDO:0000410	ERROR		obo:mondo#excluded_subClassOf				Unknown pred (obo:mondo#excluded_subClassOf) = MONDO:0003900 None
http://www.w3.org/ns/shacl#ClosedConstraintComponent	MONDO:0000440	ERROR		obo:mondo#excluded_subClassOf				Unknown pred (obo:mondo#excluded_subClassOf) = MONDO:0006040 None
http://www.w3.org/ns/shacl#ClosedConstraintComponent	MONDO:0000450	ERROR		obo:mondo#confidence				Unknown pred (obo:mondo#confidence) = None 0.4814814814814814
http://www.w3.org/ns/shacl#ClosedConstraintComponent	MONDO:0000488	ERROR		obo:mondo#excluded_subClassOf				Unknown pred (obo:mondo#excluded_subClassOf) = MONDO:0000921 None
http://www.w3.org/ns/shacl#ClosedConstraintComponent	MONDO:0000507	ERROR		obo:mondo#excluded_subClassOf				Unknown pred (obo:mondo#excluded_subClassOf) = MONDO:0019708 None
http://www.w3.org/ns/shacl#ClosedConstraintComponent	MONDO:0000517	ERROR		obo:mondo#excluded_subClassOf				Unknown pred (obo:mondo#excluded_subClassOf) = MONDO:0002912 None
http://www.w3.org/ns/shacl#ClosedConstraintComponent	MONDO:0000527	ERROR		obo:mondo#excluded_subClassOf				Unknown pred (obo:mondo#excluded_subClassOf) = MONDO:0002278 None
http://www.w3.org/ns/shacl#ClosedConstraintComponent	MONDO:0000607	ERROR		obo:mondo#excluded_subClassOf				Unknown pred (obo:mondo#excluded_subClassOf) = MONDO:0000434 None
http://www.w3.org/ns/shacl#ClosedConstraintComponent	MONDO:0000642	ERROR		obo:mondo#excluded_subClassOf				Unknown pred (obo:mondo#excluded_subClassOf) = MONDO:0001657 None
http://www.w3.org/ns/shacl#ClosedConstraintComponent	MONDO:0000665	ERROR		obo:mondo#excluded_subClassOf				Unknown pred (obo:mondo#excluded_subClassOf) = MONDO:0005638 None
http://www.w3.org/ns/shacl#ClosedConstraintComponent	MONDO:0000688	ERROR		obo:mondo#excluded_subClassOf				Unknown pred (obo:mondo#excluded_subClassOf) = MONDO:0019052 None
http://www.w3.org/ns/shacl#ClosedConstraintComponent	MONDO:0000723	ERROR		obo:mondo#excluded_subClassOf				Unknown pred (obo:mondo#excluded_subClassOf) = MONDO:0002903 None
http://www.w3.org/ns/shacl#ClosedConstraintComponent	MONDO:0000736	ERROR		obo:mondo#confidence				Unknown pred (obo:mondo#confidence) = None 0.588235294117647
http://www.w3.org/ns/shacl#ClosedConstraintComponent	MONDO:0000745	ERROR		obo:mondo#excluded_subClassOf				Unknown pred (obo:mondo#excluded_subClassOf) = MONDO:0005009 None
http://www.w3.org/ns/shacl#ClosedConstraintComponent	MONDO:0000774	ERROR		obo:mondo#excluded_subClassOf				Unknown pred (obo:mondo#excluded_subClassOf) = MONDO:0000590 None
http://www.w3.org/ns/shacl#ClosedConstraintComponent	MONDO:0000774	ERROR		obo:mondo#excluded_subClassOf				Unknown pred (obo:mondo#excluded_subClassOf) = MONDO:0000568 None
http://www.w3.org/ns/shacl#ClosedConstraintComponent	MONDO:0000813	ERROR		obo:mondo#excluded_subClassOf				Unknown pred (obo:mondo#excluded_subClassOf) = MONDO:0018076 None
http://www.w3.org/ns/shacl#ClosedConstraintComponent	MONDO:0000820	ERROR		obo:mondo#excluded_subClassOf				Unknown pred (obo:mondo#excluded_subClassOf) = MONDO:0003241 None
http://www.w3.org/ns/shacl#ClosedConstraintComponent	MONDO:0000845	ERROR		obo:mondo#excluded_subClassOf				Unknown pred (obo:mondo#excluded_subClassOf) = MONDO:0019708 None
http://www.w3.org/ns/shacl#ClosedConstraintComponent	MONDO:0000863	ERROR		obo:mondo#confidence				Unknown pred (obo:mondo#confidence) = None 2.0694736842105272
http://www.w3.org/ns/shacl#ClosedConstraintComponent	MONDO:0000902	ERROR		obo:mondo#confidence				Unknown pred (obo:mondo#confidence) = None 0.04999999999999982
http://www.w3.org/ns/shacl#ClosedConstraintComponent	MONDO:0000912	ERROR		obo:mondo#confidence				Unknown pred (obo:mondo#confidence) = None 0.050000000000000266
http://www.w3.org/ns/shacl#ClosedConstraintComponent	MONDO:0000913	ERROR		obo:mondo#confidence				Unknown pred (obo:mondo#confidence) = None 0.2777777777777777
http://www.w3.org/ns/shacl#ClosedConstraintComponent	MONDO:0000914	ERROR		obo:mondo#confidence				Unknown pred (obo:mondo#confidence) = None 0.9675925925925928
http://www.w3.org/ns/shacl#ClosedConstraintComponent	MONDO:0000953	ERROR		obo:mondo#excluded_subClassOf				Unknown pred (obo:mondo#excluded_subClassOf) = MONDO:0000952 None
http://www.w3.org/ns/shacl#ClosedConstraintComponent	MONDO:0000959	ERROR		obo:mondo#excluded_subClassOf				Unknown pred (obo:mondo#excluded_subClassOf) = MONDO:0001105 None
http://www.w3.org/ns/shacl#ClosedConstraintComponent	MONDO:0000961	ERROR		obo:mondo#excluded_subClassOf				Unknown pred (obo:mondo#excluded_subClassOf) = MONDO:0002732 None
http://www.w3.org/ns/shacl#ClosedConstraintComponent	MONDO:0000972	ERROR		obo:mondo#excluded_subClassOf				Unknown pred (obo:mondo#excluded_subClassOf) = MONDO:0005304 None
http://www.w3.org/ns/shacl#ClosedConstraintComponent	MONDO:0000984	ERROR		obo:mondo#excluded_subClassOf				Unknown pred (obo:mondo#excluded_subClassOf) = MONDO:0006025 None
http://www.w3.org/ns/shacl#ClosedConstraintComponent	MONDO:0000995	ERROR		obo:mondo#excluded_subClassOf				Unknown pred (obo:mondo#excluded_subClassOf) = MONDO:0003939 None
http://www.w3.org/ns/shacl#ClosedConstraintComponent	MONDO:0001007	ERROR		obo:mondo#excluded_subClassOf				Unknown pred (obo:mondo#excluded_subClassOf) = MONDO:0004796 None
http://www.w3.org/ns/shacl#ClosedConstraintComponent	MONDO:0001079	ERROR		obo:mondo#excluded_from_qc_check				Unknown pred (obo:mondo#excluded_from_qc_check) = obo:mondo/sparql/qc/general/qc-single-child.sparql None
http://www.w3.org/ns/shacl#ClosedConstraintComponent	MONDO:0001083	ERROR		obo:mondo#excluded_subClassOf				Unknown pred (obo:mondo#excluded_subClassOf) = MONDO:0003847 None
http://www.w3.org/ns/shacl#ClosedConstraintComponent	MONDO:0001083	ERROR		obo:mondo#excluded_synonym				Unknown pred (obo:mondo#excluded_synonym) = None adult Fanconi Anemia
http://www.w3.org/ns/shacl#ClosedConstraintComponent	MONDO:0001096	ERROR		obo:mondo#excluded_subClassOf				Unknown pred (obo:mondo#excluded_subClassOf) = MONDO:0005843 None
http://www.w3.org/ns/shacl#ClosedConstraintComponent	MONDO:0001104	ERROR		obo:mondo#confidence				Unknown pred (obo:mondo#confidence) = None 0.5
http://www.w3.org/ns/shacl#ClosedConstraintComponent	MONDO:0001113	ERROR		obo:mondo#excluded_subClassOf				Unknown pred (obo:mondo#excluded_subClassOf) = MONDO:0002815 None
http://www.w3.org/ns/shacl#ClosedConstraintComponent	MONDO:0001114	ERROR		obo:mondo#excluded_subClassOf				Unknown pred (obo:mondo#excluded_subClassOf) = MONDO:0002815 None
http://www.w3.org/ns/shacl#ClosedConstraintComponent	MONDO:0001119	ERROR		obo:mondo#excluded_from_qc_check				Unknown pred (obo:mondo#excluded_from_qc_check) = obo:mondo/sparql/qc/general/qc-single-child.sparql None
http://www.w3.org/ns/shacl#ClosedConstraintComponent	MONDO:0001144	ERROR		obo:mondo#excluded_subClassOf				Unknown pred (obo:mondo#excluded_subClassOf) = MONDO:0001143 None
http://www.w3.org/ns/shacl#ClosedConstraintComponent	MONDO:0001145	ERROR		obo:mondo#excluded_subClassOf				Unknown pred (obo:mondo#excluded_subClassOf) = MONDO:0001143 None
http://www.w3.org/ns/shacl#ClosedConstraintComponent	MONDO:0001146	ERROR		obo:mondo#excluded_subClassOf				Unknown pred (obo:mondo#excluded_subClassOf) = MONDO:0001143 None
http://www.w3.org/ns/shacl#ClosedConstraintComponent	MONDO:0001147	ERROR		obo:mondo#excluded_subClassOf				Unknown pred (obo:mondo#excluded_subClassOf) = MONDO:0008449 None
http://www.w3.org/ns/shacl#ClosedConstraintComponent	MONDO:0001149	ERROR		obo:mondo#excluded_subClassOf				Unknown pred (obo:mondo#excluded_subClassOf) = MONDO:0002320 None
http://www.w3.org/ns/shacl#ClosedConstraintComponent	MONDO:0001150	ERROR		obo:mondo#excluded_subClassOf				Unknown pred (obo:mondo#excluded_subClassOf) = MONDO:0005559 None
http://www.w3.org/ns/shacl#ClosedConstraintComponent	MONDO:0001170	ERROR		obo:mondo#excluded_subClassOf				Unknown pred (obo:mondo#excluded_subClassOf) = MONDO:0002602 None
http://www.w3.org/ns/shacl#ClosedConstraintComponent	MONDO:0001175	ERROR		obo:mondo#excluded_subClassOf				Unknown pred (obo:mondo#excluded_subClassOf) = MONDO:0004847 None
http://www.w3.org/ns/shacl#ClosedConstraintComponent	MONDO:0001319	ERROR		obo:mondo#excluded_synonym				Unknown pred (obo:mondo#excluded_synonym) = None Lateral Wall of bladder
http://www.w3.org/ns/shacl#ClosedConstraintComponent	MONDO:0001328	ERROR		obo:mondo#excluded_from_qc_check				Unknown pred (obo:mondo#excluded_from_qc_check) = obo:mondo/sparql/qc/general/qc-single-child.sparql None
http://www.w3.org/ns/shacl#ClosedConstraintComponent	MONDO:0001338	ERROR		obo:mondo#excluded_from_qc_check				Unknown pred (obo:mondo#excluded_from_qc_check) = obo:mondo/sparql/qc/general/qc-single-child.sparql None
http://www.w3.org/ns/shacl#ClosedConstraintComponent	MONDO:0001583	ERROR		obo:mondo#confidence				Unknown pred (obo:mondo#confidence) = None 0.3333333333333335
http://www.w3.org/ns/shacl#ClosedConstraintComponent	MONDO:0001595	ERROR		obo:mondo#confidence				Unknown pred (obo:mondo#confidence) = None 0.4999999999999998
http://www.w3.org/ns/shacl#ClosedConstraintComponent	MONDO:0001676	ERROR		obo:mondo#confidence				Unknown pred (obo:mondo#confidence) = None 0.045454545454545414
http://www.w3.org/ns/shacl#ClosedConstraintComponent	MONDO:0001693	ERROR		obo:mondo#excluded_from_qc_check				Unknown pred (obo:mondo#excluded_from_qc_check) = obo:mondo/sparql/qc/general/qc-single-child.sparql None
http://www.w3.org/ns/shacl#ClosedConstraintComponent	MONDO:0001706	ERROR		obo:mondo#excluded_from_qc_check				Unknown pred (obo:mondo#excluded_from_qc_check) = obo:mondo/sparql/qc/general/qc-single-child.sparql None
http://www.w3.org/ns/shacl#ClosedConstraintComponent	MONDO:0001724	ERROR		obo:mondo#excluded_synonym				Unknown pred (obo:mondo#excluded_synonym) = None supraglottis
http://www.w3.org/ns/shacl#ClosedConstraintComponent	MONDO:0002009	ERROR		obo:mondo#confidence				Unknown pred (obo:mondo#confidence) = None 0.23106060606060574
http://www.w3.org/ns/shacl#ClosedConstraintComponent	MONDO:0002025	ERROR		obo:mondo#confidence				Unknown pred (obo:mondo#confidence) = None 0.6296296296296298
http://www.w3.org/ns/shacl#ClosedConstraintComponent	MONDO:0002298	ERROR		obo:mondo#excluded_from_qc_check				Unknown pred (obo:mondo#excluded_from_qc_check) = obo:mondo/sparql/qc/general/qc-single-child.sparql None
http://www.w3.org/ns/shacl#ClosedConstraintComponent	MONDO:0002422	ERROR		obo:mondo#confidence				Unknown pred (obo:mondo#confidence) = None 0.5185185185185186
http://www.w3.org/ns/shacl#ClosedConstraintComponent	MONDO:0002441	ERROR		obo:mondo#confidence				Unknown pred (obo:mondo#confidence) = None 0.3031550068587101
http://www.w3.org/ns/shacl#ClosedConstraintComponent	MONDO:0002444	ERROR		obo:mondo#confidence				Unknown pred (obo:mondo#confidence) = None 0.23106060606060574
http://www.w3.org/ns/shacl#ClosedConstraintComponent	MONDO:0002450	ERROR		obo:mondo#confidence				Unknown pred (obo:mondo#confidence) = None 0.33333333333333326
http://www.w3.org/ns/shacl#ClosedConstraintComponent	MONDO:0002732	ERROR		obo:mondo#confidence				Unknown pred (obo:mondo#confidence) = None 11.000000000000002
http://www.w3.org/ns/shacl#ClosedConstraintComponent	MONDO:0002847	ERROR		obo:mondo#excluded_from_qc_check				Unknown pred (obo:mondo#excluded_from_qc_check) = obo:mondo/sparql/qc/general/qc-single-child.sparql None
http://www.w3.org/ns/shacl#ClosedConstraintComponent	MONDO:0002974	ERROR		obo:mondo#confidence				Unknown pred (obo:mondo#confidence) = None 0.19999999999999996
http://www.w3.org/ns/shacl#ClosedConstraintComponent	MONDO:0003280	ERROR		RO:0002175				Unknown pred (RO:0002175) = NCBITaxon:9940 None
http://www.w3.org/ns/shacl#ClosedConstraintComponent	MONDO:0003435	ERROR		obo:mondo#confidence				Unknown pred (obo:mondo#confidence) = None 0.4814814814814814
http://www.w3.org/ns/shacl#ClosedConstraintComponent	MONDO:0003540	ERROR		obo:mondo#confidence				Unknown pred (obo:mondo#confidence) = None 0.33333333333333326
http://www.w3.org/ns/shacl#ClosedConstraintComponent	MONDO:0003749	ERROR		obo:mondo#excluded_from_qc_check				Unknown pred (obo:mondo#excluded_from_qc_check) = obo:mondo/sparql/qc/general/qc-single-child.sparql None
http://www.w3.org/ns/shacl#ClosedConstraintComponent	MONDO:0003959	ERROR		obo:mondo#excluded_from_qc_check				Unknown pred (obo:mondo#excluded_from_qc_check) = obo:mondo/sparql/qc/general/qc-single-child.sparql None
http://www.w3.org/ns/shacl#ClosedConstraintComponent	MONDO:0003990	ERROR		obo:mondo#confidence				Unknown pred (obo:mondo#confidence) = None 0.33333333333333326
http://www.w3.org/ns/shacl#ClosedConstraintComponent	MONDO:0004116	ERROR		obo:mondo#excluded_from_qc_check				Unknown pred (obo:mondo#excluded_from_qc_check) = obo:mondo/sparql/qc/general/qc-single-child.sparql None
http://www.w3.org/ns/shacl#ClosedConstraintComponent	MONDO:0004185	ERROR		obo:mondo#confidence				Unknown pred (obo:mondo#confidence) = None 19.999999999999982
http://www.w3.org/ns/shacl#ClosedConstraintComponent	MONDO:0004225	ERROR		obo:mondo#confidence				Unknown pred (obo:mondo#confidence) = None 19.999999999999982
http://www.w3.org/ns/shacl#ClosedConstraintComponent	MONDO:0004598	ERROR		obo:mondo#excluded_from_qc_check				Unknown pred (obo:mondo#excluded_from_qc_check) = obo:mondo/sparql/qc/general/qc-single-child.sparql None
http://www.w3.org/ns/shacl#ClosedConstraintComponent	MONDO:0004619	ERROR		obo:mondo#excluded_from_qc_check				Unknown pred (obo:mondo#excluded_from_qc_check) = obo:mondo/sparql/qc/general/qc-single-child.sparql None
http://www.w3.org/ns/shacl#ClosedConstraintComponent	MONDO:0004632	ERROR		obo:mondo#confidence				Unknown pred (obo:mondo#confidence) = None 1.4444444444444438
http://www.w3.org/ns/shacl#ClosedConstraintComponent	MONDO:0004845	ERROR		obo:mondo#confidence				Unknown pred (obo:mondo#confidence) = None 1.0
http://www.w3.org/ns/shacl#ClosedConstraintComponent	MONDO:0004849	ERROR		obo:mondo#confidence				Unknown pred (obo:mondo#confidence) = None 10.0
http://www.w3.org/ns/shacl#ClosedConstraintComponent	MONDO:0004907	ERROR		obo:mondo#confidence				Unknown pred (obo:mondo#confidence) = None 1.1064814814814814
http://www.w3.org/ns/shacl#ClosedConstraintComponent	MONDO:0004951	ERROR		obo:mondo#confidence				Unknown pred (obo:mondo#confidence) = None 0.0
http://www.w3.org/ns/shacl#ClosedConstraintComponent	MONDO:0005001	ERROR		obo:mondo#confidence				Unknown pred (obo:mondo#confidence) = None 2.5555555555555554
http://www.w3.org/ns/shacl#ClosedConstraintComponent	MONDO:0005023	ERROR		obo:mondo#confidence				Unknown pred (obo:mondo#confidence) = None 1.3703703703703702
http://www.w3.org/ns/shacl#ClosedConstraintComponent	MONDO:0005028	ERROR		obo:mondo#confidence				Unknown pred (obo:mondo#confidence) = None 0.9347826086956523
http://www.w3.org/ns/shacl#ClosedConstraintComponent	MONDO:0005090	ERROR		obo:mondo#confidence				Unknown pred (obo:mondo#confidence) = None 4.999999999999998
http://www.w3.org/ns/shacl#ClosedConstraintComponent	MONDO:0005109	ERROR		obo:mondo#excluded_from_qc_check				Unknown pred (obo:mondo#excluded_from_qc_check) = obo:mondo/sparql/qc/general/qc-single-child.sparql None
http://www.w3.org/ns/shacl#ClosedConstraintComponent	MONDO:0005118	ERROR		obo:mondo#excluded_from_qc_check				Unknown pred (obo:mondo#excluded_from_qc_check) = obo:mondo/sparql/qc/general/qc-single-child.sparql None
http://www.w3.org/ns/shacl#ClosedConstraintComponent	MONDO:0005120	ERROR		RO:0002175				Unknown pred (RO:0002175) = NCBITaxon:7227 None
http://www.w3.org/ns/shacl#ClosedConstraintComponent	MONDO:0005136	ERROR		obo:mondo#confidence				Unknown pred (obo:mondo#confidence) = None 0.46875
http://www.w3.org/ns/shacl#ClosedConstraintComponent	MONDO:0005147	ERROR		obo:mondo#excluded_from_qc_check				Unknown pred (obo:mondo#excluded_from_qc_check) = obo:mondo/sparql/qc/mondo/qc-omim-subsumption.sparql None
http://www.w3.org/ns/shacl#ClosedConstraintComponent	MONDO:0005150	ERROR		obo:mondo#confidence				Unknown pred (obo:mondo#confidence) = None 1.4444444444444446
http://www.w3.org/ns/shacl#ClosedConstraintComponent	MONDO:0005215	ERROR		obo:mondo#confidence				Unknown pred (obo:mondo#confidence) = None 0.6296296296296298
http://www.w3.org/ns/shacl#ClosedConstraintComponent	MONDO:0005260	ERROR		obo:mondo#confidence				Unknown pred (obo:mondo#confidence) = None 3.0
http://www.w3.org/ns/shacl#ClosedConstraintComponent	MONDO:0005302	ERROR		obo:mondo#excluded_from_qc_check				Unknown pred (obo:mondo#excluded_from_qc_check) = obo:mondo/sparql/qc/general/qc-single-child.sparql None
http://www.w3.org/ns/shacl#ClosedConstraintComponent	MONDO:0005324	ERROR		obo:mondo#confidence				Unknown pred (obo:mondo#confidence) = None 1.3189610389610387
http://www.w3.org/ns/shacl#ClosedConstraintComponent	MONDO:0005363	ERROR		obo:mondo#excluded_from_qc_check				Unknown pred (obo:mondo#excluded_from_qc_check) = obo:mondo/sparql/qc/general/qc-single-child.sparql None
http://www.w3.org/ns/shacl#ClosedConstraintComponent	MONDO:0005546	ERROR		obo:mondo#excluded_from_qc_check				Unknown pred (obo:mondo#excluded_from_qc_check) = obo:mondo/sparql/qc/general/qc-single-child.sparql None
http://www.w3.org/ns/shacl#ClosedConstraintComponent	MONDO:0005580	ERROR		obo:mondo#confidence				Unknown pred (obo:mondo#confidence) = None 0.23999999999999977
http://www.w3.org/ns/shacl#ClosedConstraintComponent	MONDO:0005581	ERROR		obo:mondo#excluded_from_qc_check				Unknown pred (obo:mondo#excluded_from_qc_check) = obo:mondo/sparql/qc/general/qc-single-child.sparql None
http://www.w3.org/ns/shacl#ClosedConstraintComponent	MONDO:0005609	ERROR		obo:mondo#excluded_from_qc_check				Unknown pred (obo:mondo#excluded_from_qc_check) = obo:mondo/sparql/qc/general/qc-single-child.sparql None
http://www.w3.org/ns/shacl#ClosedConstraintComponent	MONDO:0005615	ERROR		obo:mondo#confidence				Unknown pred (obo:mondo#confidence) = None 6.142857142857143
http://www.w3.org/ns/shacl#ClosedConstraintComponent	MONDO:0005630	ERROR		RO:0002175				Unknown pred (RO:0002175) = NCBITaxon:9940 None
http://www.w3.org/ns/shacl#ClosedConstraintComponent	MONDO:0005630	ERROR		RO:0002175				Unknown pred (RO:0002175) = NCBITaxon:9913 None
http://www.w3.org/ns/shacl#ClosedConstraintComponent	MONDO:0005630	ERROR		RO:0002175				Unknown pred (RO:0002175) = NCBITaxon:9823 None
http://www.w3.org/ns/shacl#ClosedConstraintComponent	MONDO:0005630	ERROR		RO:0002175				Unknown pred (RO:0002175) = NCBITaxon:9796 None
http://www.w3.org/ns/shacl#ClosedConstraintComponent	MONDO:0005675	ERROR		RO:0002175				Unknown pred (RO:0002175) = NCBITaxon:9940 None
http://www.w3.org/ns/shacl#ClosedConstraintComponent	MONDO:0005678	ERROR		obo:mondo#excluded_from_qc_check				Unknown pred (obo:mondo#excluded_from_qc_check) = obo:mondo/sparql/qc/general/qc-single-child.sparql None
http://www.w3.org/ns/shacl#ClosedConstraintComponent	MONDO:0005730	ERROR		RO:0002175				Unknown pred (RO:0002175) = NCBITaxon:9940 None
http://www.w3.org/ns/shacl#ClosedConstraintComponent	MONDO:0005730	ERROR		RO:0002175				Unknown pred (RO:0002175) = NCBITaxon:9913 None
http://www.w3.org/ns/shacl#ClosedConstraintComponent	MONDO:0005730	ERROR		RO:0002175				Unknown pred (RO:0002175) = NCBITaxon:9850 None
http://www.w3.org/ns/shacl#ClosedConstraintComponent	MONDO:0005730	ERROR		RO:0002175				Unknown pred (RO:0002175) = NCBITaxon:9796 None
http://www.w3.org/ns/shacl#ClosedConstraintComponent	MONDO:0005730	ERROR		obo:mondo#excluded_from_qc_check				Unknown pred (obo:mondo#excluded_from_qc_check) = obo:mondo/sparql/qc/general/qc-single-child.sparql None
http://www.w3.org/ns/shacl#ClosedConstraintComponent	MONDO:0005734	ERROR		RO:0002175				Unknown pred (RO:0002175) = NCBITaxon:9796 None
http://www.w3.org/ns/shacl#ClosedConstraintComponent	MONDO:0005734	ERROR		RO:0002175				Unknown pred (RO:0002175) = NCBITaxon:9793 None
http://www.w3.org/ns/shacl#ClosedConstraintComponent	MONDO:0005750	ERROR		RO:0002175				Unknown pred (RO:0002175) = NCBITaxon:9913 None
http://www.w3.org/ns/shacl#ClosedConstraintComponent	MONDO:0005765	ERROR		RO:0002175				Unknown pred (RO:0002175) = NCBITaxon:9913 None
http://www.w3.org/ns/shacl#ClosedConstraintComponent	MONDO:0005765	ERROR		RO:0002175				Unknown pred (RO:0002175) = NCBITaxon:9823 None
http://www.w3.org/ns/shacl#ClosedConstraintComponent	MONDO:0005769	ERROR		obo:mondo#excluded_from_qc_check				Unknown pred (obo:mondo#excluded_from_qc_check) = obo:mondo/sparql/qc/general/qc-single-child.sparql None
http://www.w3.org/ns/shacl#ClosedConstraintComponent	MONDO:0005812	ERROR		obo:mondo#confidence				Unknown pred (obo:mondo#confidence) = None 2.1999999999999993
http://www.w3.org/ns/shacl#ClosedConstraintComponent	MONDO:0005829	ERROR		RO:0002175				Unknown pred (RO:0002175) = NCBITaxon:9940 None
http://www.w3.org/ns/shacl#ClosedConstraintComponent	MONDO:0005908	ERROR		RO:0002175				Unknown pred (RO:0002175) = NCBITaxon:9940 None
http://www.w3.org/ns/shacl#ClosedConstraintComponent	MONDO:0005908	ERROR		RO:0002175				Unknown pred (RO:0002175) = NCBITaxon:9925 None
http://www.w3.org/ns/shacl#ClosedConstraintComponent	MONDO:0005908	ERROR		RO:0002175				Unknown pred (RO:0002175) = NCBITaxon:9913 None
http://www.w3.org/ns/shacl#ClosedConstraintComponent	MONDO:0005908	ERROR		RO:0002175				Unknown pred (RO:0002175) = NCBITaxon:9823 None
http://www.w3.org/ns/shacl#ClosedConstraintComponent	MONDO:0006010	ERROR		RO:0002175				Unknown pred (RO:0002175) = NCBITaxon:32443 None
http://www.w3.org/ns/shacl#ClosedConstraintComponent	MONDO:0006011	ERROR		obo:mondo#excluded_synonym				Unknown pred (obo:mondo#excluded_synonym) = None animal viral hepatitis
http://www.w3.org/ns/shacl#ClosedConstraintComponent	MONDO:0006073	ERROR		obo:mondo#excluded_from_qc_check				Unknown pred (obo:mondo#excluded_from_qc_check) = obo:mondo/sparql/qc/general/qc-single-child.sparql None
http://www.w3.org/ns/shacl#ClosedConstraintComponent	MONDO:0006447	ERROR		obo:mondo#confidence				Unknown pred (obo:mondo#confidence) = None 0.10769230769230798
http://www.w3.org/ns/shacl#ClosedConstraintComponent	MONDO:0006514	ERROR		IAO:0006012				Unknown pred (IAO:0006012) = None 2023-04-01
http://www.w3.org/ns/shacl#ClosedConstraintComponent	MONDO:0006730	ERROR		obo:mondo#excluded_from_qc_check				Unknown pred (obo:mondo#excluded_from_qc_check) = obo:mondo/sparql/qc/general/qc-single-child.sparql None
http://www.w3.org/ns/shacl#ClosedConstraintComponent	MONDO:0006747	ERROR		RO:0002175				Unknown pred (RO:0002175) = NCBITaxon:9940 None
http://www.w3.org/ns/shacl#ClosedConstraintComponent	MONDO:0006747	ERROR		RO:0002175				Unknown pred (RO:0002175) = NCBITaxon:9925 None
http://www.w3.org/ns/shacl#ClosedConstraintComponent	MONDO:0006747	ERROR		RO:0002175				Unknown pred (RO:0002175) = NCBITaxon:9913 None
http://www.w3.org/ns/shacl#ClosedConstraintComponent	MONDO:0006747	ERROR		RO:0002175				Unknown pred (RO:0002175) = NCBITaxon:9823 None
http://www.w3.org/ns/shacl#ClosedConstraintComponent	MONDO:0006747	ERROR		RO:0002175				Unknown pred (RO:0002175) = NCBITaxon:9796 None
http://www.w3.org/ns/shacl#ClosedConstraintComponent	MONDO:0006752	ERROR		obo:mondo#excluded_from_qc_check				Unknown pred (obo:mondo#excluded_from_qc_check) = obo:mondo/sparql/qc/general/qc-single-child.sparql None
http://www.w3.org/ns/shacl#ClosedConstraintComponent	MONDO:0006762	ERROR		RO:0002175				Unknown pred (RO:0002175) = NCBITaxon:9913 None
http://www.w3.org/ns/shacl#ClosedConstraintComponent	MONDO:0006762	ERROR		obo:mondo#excluded_from_qc_check				Unknown pred (obo:mondo#excluded_from_qc_check) = obo:mondo/sparql/qc/general/qc-single-child.sparql None
http://www.w3.org/ns/shacl#ClosedConstraintComponent	MONDO:0006780	ERROR		obo:mondo#excluded_from_qc_check				Unknown pred (obo:mondo#excluded_from_qc_check) = obo:mondo/sparql/qc/general/qc-single-child.sparql None
http://www.w3.org/ns/shacl#ClosedConstraintComponent	MONDO:0006952	ERROR		obo:mondo#confidence				Unknown pred (obo:mondo#confidence) = None 0.9347826086956526
http://www.w3.org/ns/shacl#ClosedConstraintComponent	MONDO:0006979	ERROR		RO:0002175				Unknown pred (RO:0002175) = NCBITaxon:9685 None
http://www.w3.org/ns/shacl#ClosedConstraintComponent	MONDO:0006979	ERROR		RO:0002175				Unknown pred (RO:0002175) = NCBITaxon:169418 None
http://www.w3.org/ns/shacl#ClosedConstraintComponent	MONDO:0007029	ERROR		obo:mondo#confidence				Unknown pred (obo:mondo#confidence) = None 0.14285714285714302
http://www.w3.org/ns/shacl#ClosedConstraintComponent	MONDO:0007031	ERROR		obo:mondo#confidence				Unknown pred (obo:mondo#confidence) = None 1.144117647058823
http://www.w3.org/ns/shacl#ClosedConstraintComponent	MONDO:0007089	ERROR		obo:mondo#excluded_from_qc_check				Unknown pred (obo:mondo#excluded_from_qc_check) = obo:mondo/sparql/qc/mondo/qc-omim-subsumption.sparql None
http://www.w3.org/ns/shacl#ClosedConstraintComponent	MONDO:0007299	ERROR		IAO:0006012				Unknown pred (IAO:0006012) = None 2023-09-01
http://www.w3.org/ns/shacl#ClosedConstraintComponent	MONDO:0007299	ERROR		obo:mondo#excluded_from_qc_check				Unknown pred (obo:mondo#excluded_from_qc_check) = obo:mondo/sparql/qc/general/qc-single-child.sparql None
http://www.w3.org/ns/shacl#ClosedConstraintComponent	MONDO:0007454	ERROR		obo:mondo#excluded_from_qc_check				Unknown pred (obo:mondo#excluded_from_qc_check) = obo:mondo/sparql/qc/mondo/qc-omim-subsumption.sparql None
http://www.w3.org/ns/shacl#ClosedConstraintComponent	MONDO:0007472	ERROR		obo:mondo#excluded_from_qc_check				Unknown pred (obo:mondo#excluded_from_qc_check) = obo:mondo/sparql/qc/general/qc-single-child.sparql None
http://www.w3.org/ns/shacl#ClosedConstraintComponent	MONDO:0007607	ERROR		IAO:0006012				Unknown pred (IAO:0006012) = None 2023-10-01
http://www.w3.org/ns/shacl#ClosedConstraintComponent	MONDO:0007810	ERROR		obo:mondo#excluded_from_qc_check				Unknown pred (obo:mondo#excluded_from_qc_check) = obo:mondo/sparql/qc/general/qc-single-child.sparql None
http://www.w3.org/ns/shacl#ClosedConstraintComponent	MONDO:0007885	ERROR		obo:mondo#excluded_from_qc_check				Unknown pred (obo:mondo#excluded_from_qc_check) = obo:mondo/sparql/qc/general/qc-single-child.sparql None
http://www.w3.org/ns/shacl#ClosedConstraintComponent	MONDO:0007927	ERROR		obo:mondo#excluded_from_qc_check				Unknown pred (obo:mondo#excluded_from_qc_check) = obo:mondo/sparql/qc/general/qc-single-child.sparql None
http://www.w3.org/ns/shacl#ClosedConstraintComponent	MONDO:0007947	ERROR		obo:mondo#excluded_synonym				Unknown pred (obo:mondo#excluded_synonym) = None Contractural arachnodactyly
http://www.w3.org/ns/shacl#ClosedConstraintComponent	MONDO:0007965	ERROR		obo:mondo#excluded_from_qc_check				Unknown pred (obo:mondo#excluded_from_qc_check) = obo:mondo/sparql/qc/general/qc-single-child.sparql None
http://www.w3.org/ns/shacl#ClosedConstraintComponent	MONDO:0008002	ERROR		obo:mondo#excluded_from_qc_check				Unknown pred (obo:mondo#excluded_from_qc_check) = obo:mondo/sparql/qc/general/qc-single-child.sparql None
http://www.w3.org/ns/shacl#ClosedConstraintComponent	MONDO:0008199	ERROR		obo:mondo#excluded_from_qc_check				Unknown pred (obo:mondo#excluded_from_qc_check) = obo:mondo/sparql/qc/mondo/qc-omim-subsumption.sparql None
http://www.w3.org/ns/shacl#ClosedConstraintComponent	MONDO:0008200	ERROR		obo:mondo#excluded_from_qc_check				Unknown pred (obo:mondo#excluded_from_qc_check) = obo:mondo/sparql/qc/mondo/qc-omim-subsumption.sparql None
http://www.w3.org/ns/shacl#ClosedConstraintComponent	MONDO:0008296	ERROR		obo:mondo#excluded_from_qc_check				Unknown pred (obo:mondo#excluded_from_qc_check) = obo:mondo/sparql/qc/general/qc-single-child.sparql None
http://www.w3.org/ns/shacl#ClosedConstraintComponent	MONDO:0008347	ERROR		IAO:0006012				Unknown pred (IAO:0006012) = None 2023-09-01
http://www.w3.org/ns/shacl#ClosedConstraintComponent	MONDO:0008377	ERROR		obo:mondo#excluded_from_qc_check				Unknown pred (obo:mondo#excluded_from_qc_check) = obo:mondo/sparql/qc/general/qc-single-child.sparql None
http://www.w3.org/ns/shacl#ClosedConstraintComponent	MONDO:0008406	ERROR		IAO:0006012				Unknown pred (IAO:0006012) = None 2023-09-01
http://www.w3.org/ns/shacl#ClosedConstraintComponent	MONDO:0008438	ERROR		obo:mondo#excluded_from_qc_check				Unknown pred (obo:mondo#excluded_from_qc_check) = obo:mondo/sparql/qc/general/qc-single-child.sparql None
http://www.w3.org/ns/shacl#ClosedConstraintComponent	MONDO:0008731	ERROR		obo:mondo#excluded_from_qc_check				Unknown pred (obo:mondo#excluded_from_qc_check) = obo:mondo/sparql/qc/mondo/qc-omim-subsumption.sparql None
http://www.w3.org/ns/shacl#ClosedConstraintComponent	MONDO:0008807	ERROR		IAO:0006012				Unknown pred (IAO:0006012) = None 2023-10-01
http://www.w3.org/ns/shacl#ClosedConstraintComponent	MONDO:0008855	ERROR		obo:mondo#excluded_from_qc_check				Unknown pred (obo:mondo#excluded_from_qc_check) = MONDO:0018814 None
http://www.w3.org/ns/shacl#ClosedConstraintComponent	MONDO:0010204	ERROR		IAO:0006012				Unknown pred (IAO:0006012) = None 2023-09-01
http://www.w3.org/ns/shacl#ClosedConstraintComponent	MONDO:0011499	ERROR		IAO:0006012				Unknown pred (IAO:0006012) = None 2023-09-01
http://www.w3.org/ns/shacl#ClosedConstraintComponent	MONDO:0011940	ERROR		IAO:0006012				Unknown pred (IAO:0006012) = None 2022-10-01
http://www.w3.org/ns/shacl#ClosedConstraintComponent	MONDO:0013742	ERROR		IAO:0006012				Unknown pred (IAO:0006012) = None 2023-09-01
http://www.w3.org/ns/shacl#ClosedConstraintComponent	MONDO:0014753	ERROR		IAO:0006012				Unknown pred (IAO:0006012) = None 2023-09-01
http://www.w3.org/ns/shacl#ClosedConstraintComponent	MONDO:0015088	ERROR		IAO:0006012				Unknown pred (IAO:0006012) = None 2023-09-01
http://www.w3.org/ns/shacl#ClosedConstraintComponent	MONDO:0015089	ERROR		IAO:0006012				Unknown pred (IAO:0006012) = None 2023-09-01
http://www.w3.org/ns/shacl#ClosedConstraintComponent	MONDO:0015090	ERROR		IAO:0006012				Unknown pred (IAO:0006012) = None 2023-09-01
http://www.w3.org/ns/shacl#ClosedConstraintComponent	MONDO:0015111	ERROR		IAO:0006012				Unknown pred (IAO:0006012) = None 2023-10-01
http://www.w3.org/ns/shacl#ClosedConstraintComponent	MONDO:0015130	ERROR		IAO:0006012				Unknown pred (IAO:0006012) = None 2023-09-01
http://www.w3.org/ns/shacl#ClosedConstraintComponent	MONDO:0015132	ERROR		IAO:0006012				Unknown pred (IAO:0006012) = None 2023-10-01
http://www.w3.org/ns/shacl#ClosedConstraintComponent	MONDO:0015133	ERROR		IAO:0006012				Unknown pred (IAO:0006012) = None 2023-09-01
http://www.w3.org/ns/shacl#ClosedConstraintComponent	MONDO:0015135	ERROR		IAO:0006012				Unknown pred (IAO:0006012) = None 2023-10-01
http://www.w3.org/ns/shacl#ClosedConstraintComponent	MONDO:0015141	ERROR		IAO:0006012				Unknown pred (IAO:0006012) = None 2023-10-01
http://www.w3.org/ns/shacl#ClosedConstraintComponent	MONDO:0015144	ERROR		IAO:0006012				Unknown pred (IAO:0006012) = None 2023-09-01
http://www.w3.org/ns/shacl#ClosedConstraintComponent	MONDO:0015145	ERROR		IAO:0006012				Unknown pred (IAO:0006012) = None 2023-10-01
http://www.w3.org/ns/shacl#ClosedConstraintComponent	MONDO:0015178	ERROR		IAO:0006012				Unknown pred (IAO:0006012) = None 2023-10-01
http://www.w3.org/ns/shacl#ClosedConstraintComponent	MONDO:0015179	ERROR		IAO:0006012				Unknown pred (IAO:0006012) = None 2023-09-01
http://www.w3.org/ns/shacl#ClosedConstraintComponent	MONDO:0015180	ERROR		IAO:0006012				Unknown pred (IAO:0006012) = None 2023-09-01
http://www.w3.org/ns/shacl#ClosedConstraintComponent	MONDO:0015182	ERROR		IAO:0006012				Unknown pred (IAO:0006012) = None 2022-09-01
http://www.w3.org/ns/shacl#ClosedConstraintComponent	MONDO:0015207	ERROR		IAO:0006012				Unknown pred (IAO:0006012) = None 2023-10-01
http://www.w3.org/ns/shacl#ClosedConstraintComponent	MONDO:0015208	ERROR		IAO:0006012				Unknown pred (IAO:0006012) = None 2023-09-01
http://www.w3.org/ns/shacl#ClosedConstraintComponent	MONDO:0015209	ERROR		IAO:0006012				Unknown pred (IAO:0006012) = None 2023-10-01
http://www.w3.org/ns/shacl#ClosedConstraintComponent	MONDO:0015210	ERROR		IAO:0006012				Unknown pred (IAO:0006012) = None 2023-09-01
http://www.w3.org/ns/shacl#ClosedConstraintComponent	MONDO:0015211	ERROR		IAO:0006012				Unknown pred (IAO:0006012) = None 2023-09-01
http://www.w3.org/ns/shacl#ClosedConstraintComponent	MONDO:0015212	ERROR		IAO:0006012				Unknown pred (IAO:0006012) = None 2023-09-01
http://www.w3.org/ns/shacl#ClosedConstraintComponent	MONDO:0015213	ERROR		IAO:0006012				Unknown pred (IAO:0006012) = None 2023-09-01
http://www.w3.org/ns/shacl#ClosedConstraintComponent	MONDO:0015214	ERROR		IAO:0006012				Unknown pred (IAO:0006012) = None 2023-09-01
http://www.w3.org/ns/shacl#ClosedConstraintComponent	MONDO:0015217	ERROR		IAO:0006012				Unknown pred (IAO:0006012) = None 2023-10-01
http://www.w3.org/ns/shacl#ClosedConstraintComponent	MONDO:0015219	ERROR		IAO:0006012				Unknown pred (IAO:0006012) = None 2023-10-01
http://www.w3.org/ns/shacl#ClosedConstraintComponent	MONDO:0015221	ERROR		IAO:0006012				Unknown pred (IAO:0006012) = None 2023-10-01
http://www.w3.org/ns/shacl#ClosedConstraintComponent	MONDO:0015222	ERROR		IAO:0006012				Unknown pred (IAO:0006012) = None 2023-09-01
http://www.w3.org/ns/shacl#ClosedConstraintComponent	MONDO:0015227	ERROR		IAO:0006012				Unknown pred (IAO:0006012) = None 2023-10-01
http://www.w3.org/ns/shacl#ClosedConstraintComponent	MONDO:0015246	ERROR		IAO:0006012				Unknown pred (IAO:0006012) = None 2022-09-01
http://www.w3.org/ns/shacl#ClosedConstraintComponent	MONDO:0015310	ERROR		IAO:0006012				Unknown pred (IAO:0006012) = None 2023-09-01
http://www.w3.org/ns/shacl#ClosedConstraintComponent	MONDO:0015323	ERROR		IAO:0006012				Unknown pred (IAO:0006012) = None 2023-09-01
http://www.w3.org/ns/shacl#ClosedConstraintComponent	MONDO:0015330	ERROR		IAO:0006012				Unknown pred (IAO:0006012) = None 2023-10-01
http://www.w3.org/ns/shacl#ClosedConstraintComponent	MONDO:0015334	ERROR		IAO:0006012				Unknown pred (IAO:0006012) = None 2023-09-01
http://www.w3.org/ns/shacl#ClosedConstraintComponent	MONDO:0015337	ERROR		IAO:0006012				Unknown pred (IAO:0006012) = None 2023-10-01
http://www.w3.org/ns/shacl#ClosedConstraintComponent	MONDO:0015338	ERROR		IAO:0006012				Unknown pred (IAO:0006012) = None 2023-09-01
http://www.w3.org/ns/shacl#ClosedConstraintComponent	MONDO:0015359	ERROR		IAO:0006012				Unknown pred (IAO:0006012) = None 2023-09-01
http://www.w3.org/ns/shacl#ClosedConstraintComponent	MONDO:0015360	ERROR		IAO:0006012				Unknown pred (IAO:0006012) = None 2022-09-01
http://www.w3.org/ns/shacl#ClosedConstraintComponent	MONDO:0015361	ERROR		IAO:0006012				Unknown pred (IAO:0006012) = None 2023-09-01
http://www.w3.org/ns/shacl#ClosedConstraintComponent	MONDO:0015364	ERROR		obo:mondo#excluded_synonym				Unknown pred (obo:mondo#excluded_synonym) = None familial dysautonomia, type II
http://www.w3.org/ns/shacl#ClosedConstraintComponent	MONDO:0020066	ERROR		obo:mondo#excluded_synonym				Unknown pred (obo:mondo#excluded_synonym) = None Cutis hyperelastica
http://www.w3.org/ns/shacl#ClosedConstraintComponent	MONDO:0020066	ERROR		obo:mondo#excluded_synonym				Unknown pred (obo:mondo#excluded_synonym) = None India rubber skin
http://www.w3.org/ns/shacl#ClosedConstraintComponent	MONDO:0020764	ERROR		RO:0002175				Unknown pred (RO:0002175) = NCBITaxon:9986 None
http://www.w3.org/ns/shacl#ClosedConstraintComponent	MONDO:0024912	ERROR		RO:0002175				Unknown pred (RO:0002175) = NCBITaxon:9685 None
http://www.w3.org/ns/shacl#ClosedConstraintComponent	MONDO:0024913	ERROR		RO:0002175				Unknown pred (RO:0002175) = NCBITaxon:9903 None
http://www.w3.org/ns/shacl#ClosedConstraintComponent	MONDO:0024919	ERROR		RO:0002175				Unknown pred (RO:0002175) = NCBITaxon:9615 None
http://www.w3.org/ns/shacl#ClosedConstraintComponent	MONDO:0024934	ERROR		RO:0002175				Unknown pred (RO:0002175) = NCBITaxon:7778 None
http://www.w3.org/ns/shacl#ClosedConstraintComponent	MONDO:0024934	ERROR		RO:0002175				Unknown pred (RO:0002175) = NCBITaxon:32443 None
http://www.w3.org/ns/shacl#ClosedConstraintComponent	MONDO:0024935	ERROR		RO:0002175				Unknown pred (RO:0002175) = NCBITaxon:9940 None
http://www.w3.org/ns/shacl#ClosedConstraintComponent	MONDO:0024935	ERROR		RO:0002175				Unknown pred (RO:0002175) = NCBITaxon:9913 None
http://www.w3.org/ns/shacl#ClosedConstraintComponent	MONDO:0024935	ERROR		RO:0002175				Unknown pred (RO:0002175) = NCBITaxon:9823 None
http://www.w3.org/ns/shacl#ClosedConstraintComponent	MONDO:0024950	ERROR		RO:0002175				Unknown pred (RO:0002175) = NCBITaxon:9788 None
http://www.w3.org/ns/shacl#ClosedConstraintComponent	MONDO:0024971	ERROR		RO:0002175				Unknown pred (RO:0002175) = NCBITaxon:9940 None
http://www.w3.org/ns/shacl#ClosedConstraintComponent	MONDO:0024971	ERROR		RO:0002175				Unknown pred (RO:0002175) = NCBITaxon:9925 None
http://www.w3.org/ns/shacl#ClosedConstraintComponent	MONDO:0024971	ERROR		RO:0002175				Unknown pred (RO:0002175) = NCBITaxon:9913 None
http://www.w3.org/ns/shacl#ClosedConstraintComponent	MONDO:0024981	ERROR		RO:0002175				Unknown pred (RO:0002175) = NCBITaxon:9989 None
http://www.w3.org/ns/shacl#ClosedConstraintComponent	MONDO:0024985	ERROR		RO:0002175				Unknown pred (RO:0002175) = NCBITaxon:9935 None
http://www.w3.org/ns/shacl#ClosedConstraintComponent	MONDO:0024990	ERROR		RO:0002175				Unknown pred (RO:0002175) = NCBITaxon:9822 None
http://www.w3.org/ns/shacl#ClosedConstraintComponent	MONDO:0025003	ERROR		RO:0002175				Unknown pred (RO:0002175) = NCBITaxon:9922 None
http://www.w3.org/ns/shacl#ClosedConstraintComponent	MONDO:0025013	ERROR		RO:0002175				Unknown pred (RO:0002175) = NCBITaxon:9443 None
http://www.w3.org/ns/shacl#ClosedConstraintComponent	MONDO:0025028	ERROR		RO:0002175				Unknown pred (RO:0002175) = NCBITaxon:9913 None
http://www.w3.org/ns/shacl#ClosedConstraintComponent	MONDO:0100000	ERROR		dce:date				Unknown pred (dce:date) = None 2018-03-09T01:45:27Z
http://www.w3.org/ns/shacl#ClosedConstraintComponent	MONDO:0100001	ERROR		dce:date				Unknown pred (dce:date) = None 2018-03-13T04:40:23Z
http://www.w3.org/ns/shacl#ClosedConstraintComponent	MONDO:0100002	ERROR		dce:date				Unknown pred (dce:date) = None 2018-03-14T03:32:19Z
http://www.w3.org/ns/shacl#ClosedConstraintComponent	MONDO:0100004	ERROR		dce:date				Unknown pred (dce:date) = None 2018-07-17T21:32:53Z
http://www.w3.org/ns/shacl#ClosedConstraintComponent	MONDO:0100005	ERROR		dce:date				Unknown pred (dce:date) = None 2018-07-17T21:43:00Z
http://www.w3.org/ns/shacl#ClosedConstraintComponent	MONDO:0100006	ERROR		dce:date				Unknown pred (dce:date) = None 2018-07-17T21:45:26Z
http://www.w3.org/ns/shacl#ClosedConstraintComponent	MONDO:0100008	ERROR		dce:date				Unknown pred (dce:date) = None 2018-06-22T21:10:26Z
http://www.w3.org/ns/shacl#ClosedConstraintComponent	MONDO:0100010	ERROR		dce:date				Unknown pred (dce:date) = None 2018-07-17T15:51:39Z
http://www.w3.org/ns/shacl#ClosedConstraintComponent	MONDO:0100011	ERROR		dce:date				Unknown pred (dce:date) = None 2018-07-17T15:58:43Z
http://www.w3.org/ns/shacl#ClosedConstraintComponent	MONDO:0100012	ERROR		dce:date				Unknown pred (dce:date) = None 2018-07-17T16:02:16Z
http://www.w3.org/ns/shacl#ClosedConstraintComponent	MONDO:0100013	ERROR		dce:date				Unknown pred (dce:date) = None 2018-07-17T16:02:57Z
http://www.w3.org/ns/shacl#ClosedConstraintComponent	MONDO:0100014	ERROR		dce:date				Unknown pred (dce:date) = None 2018-05-23T00:32:51Z
http://www.w3.org/ns/shacl#ClosedConstraintComponent	MONDO:0100015	ERROR		dce:date				Unknown pred (dce:date) = None 2018-05-25T20:41:39Z
http://www.w3.org/ns/shacl#ClosedConstraintComponent	MONDO:0100016	ERROR		dce:date				Unknown pred (dce:date) = None 2018-05-25T20:53:07Z
http://www.w3.org/ns/shacl#ClosedConstraintComponent	MONDO:0100019	ERROR		dce:date				Unknown pred (dce:date) = None 2018-05-25T21:46:36Z
http://www.w3.org/ns/shacl#ClosedConstraintComponent	MONDO:0100020	ERROR		dce:date				Unknown pred (dce:date) = None 2018-06-22T22:43:29Z
http://www.w3.org/ns/shacl#ClosedConstraintComponent	MONDO:0100021	ERROR		dce:date				Unknown pred (dce:date) = None 2018-06-22T22:48:33Z
http://www.w3.org/ns/shacl#ClosedConstraintComponent	MONDO:0100022	ERROR		dce:date				Unknown pred (dce:date) = None 2018-06-22T23:34:03Z
http://www.w3.org/ns/shacl#ClosedConstraintComponent	MONDO:0100023	ERROR		dce:date				Unknown pred (dce:date) = None 2018-06-22T23:38:16Z
http://www.w3.org/ns/shacl#ClosedConstraintComponent	MONDO:0100024	ERROR		dce:date				Unknown pred (dce:date) = None 2018-06-22T23:46:09Z
http://www.w3.org/ns/shacl#ClosedConstraintComponent	MONDO:0100025	ERROR		dce:date				Unknown pred (dce:date) = None 2018-06-22T23:54:03Z
http://www.w3.org/ns/shacl#ClosedConstraintComponent	MONDO:0100026	ERROR		dce:date				Unknown pred (dce:date) = None 2018-06-22T23:56:39Z
http://www.w3.org/ns/shacl#ClosedConstraintComponent	MONDO:0100028	ERROR		dce:date				Unknown pred (dce:date) = None 2018-06-23T00:11:14Z
http://www.w3.org/ns/shacl#ClosedConstraintComponent	MONDO:0100029	ERROR		dce:date				Unknown pred (dce:date) = None 2018-06-23T00:52:42Z
http://www.w3.org/ns/shacl#ClosedConstraintComponent	MONDO:0100030	ERROR		dce:date				Unknown pred (dce:date) = None 2018-06-23T01:43:18Z
http://www.w3.org/ns/shacl#ClosedConstraintComponent	MONDO:0100031	ERROR		dce:date				Unknown pred (dce:date) = None 2018-06-23T01:47:18Z
http://www.w3.org/ns/shacl#ClosedConstraintComponent	MONDO:0100032	ERROR		dce:date				Unknown pred (dce:date) = None 2018-06-23T01:48:38Z
http://www.w3.org/ns/shacl#ClosedConstraintComponent	MONDO:0100033	ERROR		dce:date				Unknown pred (dce:date) = None 2018-06-23T18:55:00Z
http://www.w3.org/ns/shacl#ClosedConstraintComponent	MONDO:0100034	ERROR		dce:date				Unknown pred (dce:date) = None 2018-06-23T19:01:19Z
http://www.w3.org/ns/shacl#ClosedConstraintComponent	MONDO:0100035	ERROR		dce:date				Unknown pred (dce:date) = None 2018-06-23T19:24:32Z
http://www.w3.org/ns/shacl#ClosedConstraintComponent	MONDO:0100036	ERROR		dce:date				Unknown pred (dce:date) = None 2018-06-23T19:42:08Z
http://www.w3.org/ns/shacl#ClosedConstraintComponent	MONDO:0100038	ERROR		dce:date				Unknown pred (dce:date) = None 2018-06-29T18:21:11Z
http://www.w3.org/ns/shacl#ClosedConstraintComponent	MONDO:0100039	ERROR		dce:date				Unknown pred (dce:date) = None 2018-06-29T18:32:48Z
http://www.w3.org/ns/shacl#ClosedConstraintComponent	MONDO:0100040	ERROR		dce:date				Unknown pred (dce:date) = None 2018-06-29T19:29:48Z
http://www.w3.org/ns/shacl#ClosedConstraintComponent	MONDO:0100051	ERROR		dce:date				Unknown pred (dce:date) = None 2018-07-17T21:46:53Z
http://www.w3.org/ns/shacl#ClosedConstraintComponent	MONDO:0100052	ERROR		dce:date				Unknown pred (dce:date) = None 2018-07-25T17:53:07Z
http://www.w3.org/ns/shacl#ClosedConstraintComponent	MONDO:0100053	ERROR		dce:date				Unknown pred (dce:date) = None 2018-08-15T17:39:34Z
http://www.w3.org/ns/shacl#ClosedConstraintComponent	MONDO:0100054	ERROR		dce:date				Unknown pred (dce:date) = None 2018-08-15T17:39:53Z
http://www.w3.org/ns/shacl#ClosedConstraintComponent	MONDO:0100056	ERROR		dce:date				Unknown pred (dce:date) = None 2018-08-15T17:51:10Z
http://www.w3.org/ns/shacl#ClosedConstraintComponent	MONDO:0100057	ERROR		dce:date				Unknown pred (dce:date) = None 2018-08-15T17:55:08Z
http://www.w3.org/ns/shacl#ClosedConstraintComponent	MONDO:0100058	ERROR		dce:date				Unknown pred (dce:date) = None 2018-08-31T20:51:10Z
http://www.w3.org/ns/shacl#ClosedConstraintComponent	MONDO:0100059	ERROR		dce:date				Unknown pred (dce:date) = None 2018-09-12T23:02:52Z
http://www.w3.org/ns/shacl#ClosedConstraintComponent	MONDO:0100061	ERROR		dce:date				Unknown pred (dce:date) = None 2018-10-10T21:18:33Z
http://www.w3.org/ns/shacl#ClosedConstraintComponent	MONDO:0100062	ERROR		dce:date				Unknown pred (dce:date) = None 2018-10-10T22:04:15Z
http://www.w3.org/ns/shacl#ClosedConstraintComponent	MONDO:0100063	ERROR		dce:date				Unknown pred (dce:date) = None 2018-11-09T22:50:48Z
http://www.w3.org/ns/shacl#ClosedConstraintComponent	MONDO:0100064	ERROR		dce:date				Unknown pred (dce:date) = None 2018-11-09T23:43:34Z
http://www.w3.org/ns/shacl#ClosedConstraintComponent	MONDO:0100065	ERROR		dce:date				Unknown pred (dce:date) = None 2018-11-10T00:07:39Z
http://www.w3.org/ns/shacl#ClosedConstraintComponent	MONDO:0100066	ERROR		dce:date				Unknown pred (dce:date) = None 2018-11-10T00:10:46Z
http://www.w3.org/ns/shacl#ClosedConstraintComponent	MONDO:0100068	ERROR		dce:date				Unknown pred (dce:date) = None 2018-12-14T19:28:28Z
http://www.w3.org/ns/shacl#ClosedConstraintComponent	MONDO:0100332	ERROR		rdfs:subPropertyOf				Unknown pred (rdfs:subPropertyOf) = RO:0014001 None
http://www.w3.org/ns/shacl#ClosedConstraintComponent	MONDO:0100333	ERROR		rdfs:subPropertyOf				Unknown pred (rdfs:subPropertyOf) = RO:0014001 None
